date, pm25, pm10, o3, no2, so2, co
2026/4/1, 52, 24, 3, 2, 2, 
2026/4/2, 46, 53, 3, 2, 1, 
2026/4/3, 90, 25, 3, 2, 2, 
2026/4/4, 49, 28, 3, 2, 2, 
2026/4/5, 53, 30, 3, 2, 2, 
2026/4/6, 55, 31, 3, 2, 2, 
2026/4/7, 57, 31, 3, 2, 1, 
2026/4/8, 57, 41, 3, 2, 2, 
2026/4/9, 70, 60, 3, 2, 1, 
2026/4/10, 102, 67, 3, 2, 2, 
2026/4/11, 119, 61, 3, 2, 2, 
2026/4/12, 106, 57, 3, 2, 1, 
2026/4/13, 95, 66, 3, 2, 2, 
2026/4/14, 115, 39, 3, 2, 2, 
2026/4/15, 68, 30, 3, 2, 1, 
2026/4/16, 55, 40, 3, 2, 1, 
2026/4/17, 69, 49, 3, 2, 1, 
2026/4/18, 85, 49, 3, 2, 6, 
2026/4/19, 82, 47, 3, 2, 2, 
2026/4/20, 79, 56, 3, 2, 1, 
2026/4/21, 92, 46, 3, 2, 1, 
2026/4/22, 78, 43, 3, 2, 6, 
2026/4/23, 76, 44, 3, 2, 2, 
2026/4/24, 75, , , , , 
2026/4/28, 257, 39, , 2, 1, 
2026/4/29, 68, 32, , 2, , 
2026/4/30, 60, 30, , 2, , 
2026/5/1, 57, 999, , 2, , 
2026/5/2, 758, 999, , 2, , 
2026/5/3, 758, 112, , 2, , 
2026/5/4, 118, 639, , 2, , 
2026/5/5, 463, , , 2, , 
2026/5/7, 82, 325, 3, 2, , 
2026/5/8, 277, 49, 3, 2, , 
2026/5/9, 82, 46, 3, 2, , 
2026/5/10, 80, 42, 3, 2, , 
2026/5/11, 70, 34, 3, 2, , 
2026/5/12, 61, 25, 3, 2, , 
2026/5/13, 50, 22, 3, 2, 3, 
2026/5/14, 44, 20, 3, 2, 1, 
2026/5/15, 41, 13, 3, 2, 1, 
2026/5/16, 27, 21, 3, 2, , 
2026/5/17, 38, 24, 3, 2, 2, 
2026/5/18, 42, 25, 3, 2, 4, 
2026/5/19, 42, 18, 3, 2, 7, 
2026/5/20, 31, 17, 3, 2, 6, 
2026/5/21, 27, 19, 3, 2, 4, 
2026/5/22, 30, 296, 3, 2, 5, 
2026/5/23, 207, 8, 3, 2, 4, 
2026/5/24, 10, 11, 3, 2, 5, 
2026/5/25, 16, 12, 3, 2, 6, 
2026/5/26, 16, 12, 3, 2, 7, 
2026/5/27, 17, 14, 3, 2, 7, 
2026/5/28, 21, 21, 3, 2, 5, 
2026/5/29, 34, 22, , 2, 6, 
2026/5/30, 38, 20, , 2, 5, 
2026/5/31, 32, , , , , 
2026/6/2, 48, 28, , 2, 4, 
2026/6/3, 46, 27, , 2, 4, 
2026/6/4, 46, 25, , 2, 3, 
2026/6/5, 43, 25, , 2, 3, 
2026/6/6, 43, 29, , 2, 2, 
2026/6/7, 49, 31, , 2, 2, 
2026/6/8, 51, 34, , 2, 3, 
2026/6/9, 56, 33, , 2, 3, 
2026/6/10, 55, 29, , 2, 3, 
2026/6/11, 49, 27, , 2, 2, 
2026/6/12, 47, 26, , 2, 2, 
2026/6/13, 44, 20, , 2, 2, 
2026/6/14, 32, 18, , 2, 2, 
2026/6/15, 28, 22, , 2, 3, 
2026/6/16, 35, 18, , 2, 2, 
2026/6/17, 30, 16, , 2, 2, 
2026/6/18, 25, 17, , 2, 4, 
2026/6/19, 28, 18, , 2, 8, 
2026/6/20, 30, 14, , 2, 9, 
2026/6/21, 22, 140, 3, 2, 8, 
2026/6/22, 163, 20, 3, , 5, 
2026/6/23, 30, , , , , 
2026/1/1, 46, 48, 3, 2, 11, 
2026/1/2, 64, 51, , 2, 11, 
2026/1/3, 66, 59, , 2, 11, 
2026/1/4, 77, 53, , 2, 11, 
2026/1/5, 70, 62, , 2, 11, 
2026/1/6, 82, 58, , 2, 11, 
2026/1/7, 77, 47, , 2, 11, 
2026/1/8, 64, 45, , 2, 11, 
2026/1/9, 60, 47, , 2, 11, 
2026/1/10, 63, 47, , 2, 11, 
2026/1/11, 62, 40, , 2, 11, 
2026/1/12, 56, 45, , 2, 11, 
2026/1/13, 60, 40, , 2, 11, 
2026/1/14, 56, 39, , 2, 14, 
2026/1/15, 55, 51, , 2, 31, 
2026/1/16, 68, 33, , 2, 22, 
2026/1/17, 48, 36, , 2, 17, 
2026/1/18, 52, 32, , 2, 20, 
2026/1/19, 48, 38, , 2, 22, 
2026/1/20, 53, 52, , 2, 30, 
2026/1/21, 68, 51, , 2, 33, 
2026/1/22, 67, 44, , 2, 30, 
2026/1/23, 70, 35, , 2, 29, 
2026/1/24, 71, , , , , 
2026/1/26, 133, 44, , 2, 37, 
2026/1/27, 86, 32, , 2, 36, 
2026/1/28, 66, 50, , 2, 39, 
2026/1/29, 94, 62, , 2, 58, 
2026/1/30, 122, 60, , 2, 59, 
2026/1/31, 117, 57, , 2, 63, 
2026/2/1, 108, 64, , 2, 63, 
2026/2/2, 128, 65, , 2, 68, 
2026/2/3, 130, 63, , 2, 381, 
2026/2/4, 125, 63, , 2, 380, 
2026/2/5, 123, 60, , 2, 380, 
2026/2/6, 116, 51, , 2, 380, 
2026/2/7, 93, 52, , 2, 381, 
2026/2/8, 95, , , , , 
2026/2/13, 118, 106, , 1, 382, 
2026/2/14, 147, 55, , 2, 382, 
2026/2/15, 106, 120, , 2, 384, 
2026/2/16, 146, 131, , 2, 385, 
2026/2/17, 187, 124, , 2, 385, 
2026/2/18, 179, 120, , 2, 385, 
2026/2/19, 177, 163, , 2, 385, 
2026/2/20, 205, 137, , 2, 385, 
2026/2/21, 196, , , , , 
2026/3/2, 83, 4, 3, 2, , 
2026/3/3, 163, , , , , 
2026/3/5, 85, 76, 3, 2, , 
2026/3/6, 105, 66, 3, 2, , 
2026/3/7, 98, 33, 3, 2, , 
2026/3/8, 146, 33, 3, 2, , 
2026/3/9, 135, 33, 3, 2, , 
2026/3/10, 140, 33, 3, 2, , 
2026/3/11, 151, 33, 3, 2, 2, 
2026/3/12, 132, 33, 3, 2, 4, 
2026/3/13, 95, 33, 3, 2, 5, 
2026/3/14, 75, , 3, 2, 5, 
2026/3/15, 79, , 3, 2, 4, 
2026/3/16, 68, , 3, 2, 4, 
2026/3/17, 71, , 3, 2, 4, 
2026/3/18, 65, , 3, 2, 4, 
2026/3/19, 46, 42, 3, 2, 4, 
2026/3/20, 67, 47, 3, 2, 4, 
2026/3/21, 78, 77, 3, 2, 4, 
2026/3/22, 122, 68, 3, 2, 7, 
2026/3/23, 120, 63, 3, 2, 4, 
2026/3/24, 108, 52, 3, 2, 4, 
2026/3/25, 87, 57, 3, 2, 3, 
2026/3/26, 93, 67, 3, 2, 2, 
2026/3/27, 117, 42, 3, 2, 3, 
2026/3/28, 72, , , , , 
2026/3/30, 55, 15, 3, 2, 3, 
2026/3/31, 30, 29, 3, 2, 2, 
2025/10/1, 55, 29, 3, 2, 6, 4
2025/10/2, 51, 32, 3, 2, 6, 4
2025/10/3, 54, 28, 3, 2, 6, 4
2025/10/4, 48, 42, 3, 2, 6, 4
2025/10/5, 67, 39, 3, 2, 6, 4
2025/10/6, 64, 849, 3, 2, 6, 4
2025/10/7, 546, 999, 3, 2, 6, 4
2025/10/9, 230, 82, 3, 2, 11, 2
2025/10/10, 143, 86, 3, 2, 12, 2
2025/10/11, 150, , , , , 
2025/10/13, 200, 81, 3, 2, 11, 2
2025/10/14, 143, 90, 3, 2, 11, 2
2025/10/15, 154, 80, 3, 2, 11, 2
2025/10/16, 130, 66, 3, 2, 11, 2
2025/10/17, 112, 87, 3, 2, 11, 2
2025/10/18, 146, , , , , 
2025/10/20, 185, 164, 3, 2, 11, 2
2025/10/21, 188, 86, 3, 2, 11, 2
2025/10/22, 137, 93, 3, 2, 11, 2
2025/10/23, 127, 49, 3, 2, 11, 2
2025/10/24, 81, 40, 3, 2, 11, 2
2025/10/25, 64, 41, 3, 2, 11, 2
2025/10/26, 66, 36, 3, 2, 11, 2
2025/10/27, 58, 53, 3, 2, 10, 2
2025/10/28, 85, 59, 3, 2, 11, 2
2025/10/29, 96, 46, 3, 2, 11, 2
2025/10/30, 74, 45, 3, 2, 11, 2
2025/10/31, 71, 43, 3, 2, 11, 3
2025/11/1, 68, 41, 3, 2, 10, 2
2025/11/2, 66, 43, 3, 2, 11, 2
2025/11/3, 68, 51, 3, 2, 10, 3
2025/11/4, 79, 49, 3, 2, 10, 3
2025/11/5, 77, 78, 3, 2, 10, 2
2025/11/6, 137, 89, 3, 2, 11, 2
2025/11/7, 139, 65, 3, 2, 11, 3
2025/11/8, 114, 64, 3, 2, 11, 3
2025/11/9, 109, 84, 3, 2, 11, 3
2025/11/10, 138, 85, 3, 2, 11, 3
2025/11/11, 145, 89, 3, 2, 11, 3
2025/11/12, 151, 86, 3, 2, 10, 3
2025/11/13, 150, 91, 3, 2, 11, 3
2025/11/14, 155, 93, 3, 2, 11, 3
2025/11/15, 154, 92, 3, 2, 11, 3
2025/11/16, 155, 102, 3, 2, 11, 3
2025/11/17, 161, 108, 3, 2, 11, 3
2025/11/18, 164, 109, 3, 2, 11, 3
2025/11/19, 165, 101, 3, 2, 11, 3
2025/11/20, 160, 110, 3, 2, 11, 3
2025/11/21, 165, 114, 3, 2, 11, 3
2025/11/22, 167, 118, 3, 2, 11, 3
2025/11/23, 169, 119, 3, 2, 11, 3
2025/11/24, 170, 131, 3, 2, 11, 3
2025/11/25, 177, 115, 3, 2, 11, 3
2025/11/26, 159, 75, 3, 2, 11, 2
2025/11/27, 125, 65, 3, 2, 11, 2
2025/11/28, 108, 53, 3, 2, 11, 2
2025/11/29, 91, 58, 3, 2, 11, 2
2025/11/30, 93, 61, 3, 2, 11, 2
2025/12/1, 101, 61, 3, 2, 11, 
2025/12/2, 98, 63, 3, 2, 11, 2
2025/12/3, 104, 67, 3, 2, 11, 2
2025/12/4, 111, 62, 3, 2, 11, 2
2025/12/5, 101, 58, 3, 2, 11, 2
2025/12/6, 94, 62, 3, 2, 11, 2
2025/12/7, 101, , , , , 
2025/12/9, 60, 35, 3, 2, 11, 
2025/12/10, 61, 35, 3, 2, 11, 
2025/12/11, 62, 319, 3, 2, 11, 
2025/12/12, 170, 762, 3, 2, 11, 
2025/12/13, 430, 762, 3, 2, 11, 
2025/12/18, 999, 326, 3, 2, 11, 
2025/12/19, 247, 186, 3, 2, 11, 
2025/12/20, 195, 113, 3, 2, 11, 
2025/12/21, 151, 146, 3, 2, 11, 
2025/12/22, 171, 127, 3, 2, 11, 
2025/12/23, 163, 102, 3, 2, 11, 
2025/12/24, 146, 144, 3, 2, 11, 
2025/12/25, 170, 175, 3, 2, 11, 
2025/12/26, 193, 92, 3, 2, 11, 
2025/12/27, 156, 95, 3, 2, 11, 
2025/12/28, 159, , , , , 
2025/7/1, 149, 133, 3, 1, 7, 3
2025/7/2, 113, 175, 3, 1, 11, 2
2025/7/3, 147, 176, 3, 1, 9, 2
2025/7/4, 139, 195, 3, 1, 10, 3
2025/7/5, 162, 123, 3, 1, 10, 3
2025/7/6, 108, 180, 3, 2, 8, 3
2025/7/7, 155, 181, 3, 1, 11, 3
2025/7/8, 158, 185, 3, 1, 9, 3
2025/7/9, 156, 175, 3, 1, 10, 3
2025/7/10, 150, 148, 3, 1, 9, 3
2025/7/11, 132, 182, 3, 1, 7, 2
2025/7/12, 151, 180, 3, 1, 11, 3
2025/7/13, 146, 164, 3, 1, 9, 3
2025/7/14, 137, 174, 3, 1, 9, 2
2025/7/15, 144, 178, 3, 2, 13, 3
2025/7/16, 151, 173, 3, 1, 13, 2
2025/7/17, 146, 143, 3, 1, 11, 3
2025/7/18, 132, 179, 3, 2, 13, 3
2025/7/19, 153, 173, 3, 1, 17, 3
2025/7/20, 153, 187, 3, 1, 14, 3
2025/7/21, 150, 185, 3, 1, 13, 3
2025/7/22, 157, 174, 3, 1, 13, 3
2025/7/23, 144, 172, 3, 2, 15, 3
2025/7/24, 144, 177, 3, 2, 15, 3
2025/7/25, 114, 170, 3, 1, 14, 3
2025/7/26, 142, 183, 3, 1, 16, 3
2025/7/27, 159, 181, 3, 1, 18, 3
2025/7/28, 161, 186, 3, 1, 19, 3
2025/7/29, 156, 188, 3, 1, 14, 3
2025/7/30, 160, 680, 3, 2, 16, 3
2025/7/31, 550, , 3, 3, 8, 3
2025/8/2, 86, 45, 3, 2, 6, 3
2025/8/3, 55, 45, 3, 2, 6, 3
2025/8/4, 55, 45, 3, 2, 6, 3
2025/8/5, 55, 44, 3, 2, 5, 3
2025/8/6, 53, 45, 3, 3, 5, 3
2025/8/7, 56, 52, 3, 3, 5, 4
2025/8/8, 66, 53, 3, 2, 5, 3
2025/8/9, 69, 47, 3, 2, 5, 3
2025/8/10, 60, 46, 3, 2, 5, 3
2025/8/11, 78, 86, 3, 2, 5, 3
2025/8/12, 105, 42, 3, 2, 5, 3
2025/8/13, 19, 43, 3, 2, 5, 4
2025/8/14, 80, 36, 3, 2, 5, 4
2025/8/15, 33, 35, 3, 2, 5, 3
2025/8/16, 87, 42, 3, 2, 5, 4
2025/8/17, 143, 36, 3, 2, 5, 3
2025/8/18, 148, 34, 3, 2, 5, 3
2025/8/19, 162, 41, 3, 2, 5, 3
2025/8/20, 103, 41, 3, 2, 5, 3
2025/8/21, 156, 42, 3, 2, 5, 3
2025/8/22, 136, 41, 3, 2, 5, 3
2025/8/23, 220, 40, 3, 2, 5, 3
2025/8/24, 153, 37, 3, 2, 5, 4
2025/8/25, 89, 213, 3, 2, 5, 4
2025/8/26, 125, , 3, 2, 5, 4
2025/8/27, 158, 38, 3, 2, 6, 4
2025/8/28, 134, 35, 3, 2, 6, 4
2025/8/29, 58, , , , , 
2025/9/19, 729, 369, 3, 2, 6, 4
2025/9/20, 318, 32, 3, 2, 6, 4
2025/9/21, 51, 34, 3, 2, 6, 4
2025/9/22, 57, 39, 3, 2, 5, 4
2025/9/23, 65, 29, 3, 2, 6, 4
2025/9/24, 51, 36, 3, 2, 6, 4
2025/9/25, 59, 39, 3, 2, 6, 4
2025/9/26, 63, 38, 3, 2, 6, 4
2025/9/27, 62, 29, 3, 2, 6, 4
2025/9/28, 48, 36, 3, 2, 6, 4
2025/9/29, 59, 34, 3, 2, 6, 4
2025/9/30, 56, 32, 3, 2, 6, 4
2025/4/1, 68, 70, 3, 3, 9, 3
2025/4/2, 73, 65, 3, 2, 9, 2
2025/4/3, 67, 66, 3, 2, 9, 2
2025/4/4, 62, 69, 3, 1, 9, 2
2025/4/5, 70, 65, 3, 2, 9, 2
2025/4/6, 64, 64, 3, 2, 10, 2
2025/4/7, 65, 68, 3, 2, 10, 2
2025/4/8, 68, 64, 3, 2, 10, 2
2025/4/9, 64, 57, 3, 2, 10, 2
2025/4/10, 56, 55, 3, 2, 9, 2
2025/4/11, 54, 56, 3, 2, 10, 2
2025/4/12, 54, 56, 3, 2, 10, 2
2025/4/13, 56, , , , , 
2025/4/15, 57, 57, 3, 2, 9, 2
2025/4/16, 55, 54, 3, 2, 9, 2
2025/4/17, 53, 52, 3, 2, 9, 2
2025/4/18, 52, 53, 3, 2, 10, 2
2025/4/19, 51, 59, 3, 2, 9, 2
2025/4/20, 54, 57, 3, 2, 9, 2
2025/4/21, 53, 57, 3, 2, 9, 2
2025/4/22, 54, , , , , 
2025/4/25, 57, 56, 3, 2, 10, 2
2025/4/26, 53, 59, 3, 2, 10, 2
2025/4/27, 56, 59, 3, 2, 10, 2
2025/4/28, 56, 59, 3, 2, 10, 2
2025/4/29, 55, 57, 3, 2, 10, 2
2025/4/30, 54, 54, 3, 2, 10, 2
2025/5/1, 52, 55, 3, 2, 10, 2
2025/5/2, 52, 53, 3, 2, 10, 2
2025/5/3, 50, 54, 3, 2, 10, 2
2025/5/4, 51, 55, 3, 2, 10, 2
2025/5/5, 53, 55, 3, 2, 10, 2
2025/5/6, 51, 49, , 2, 10, 
2025/5/7, 50, , , , , 
2025/5/16, 93, 52, 3, 1, 44, 3
2025/5/17, 79, 53, 3, 2, 37, 2
2025/5/18, 80, 53, 3, 2, 36, 2
2025/5/19, 78, 53, 3, 1, 35, 3
2025/5/20, 80, 50, 3, 1, 40, 2
2025/5/21, 78, 48, 3, 1, 37, 3
2025/5/22, 70, 57, 3, 2, 69, 2
2025/5/23, 86, 57, 3, 1, 56, 3
2025/5/24, 92, 51, 3, 1, 49, 2
2025/5/25, 81, 48, 3, 1, 31, 3
2025/5/26, 65, 98, 3, 1, 52, 3
2025/5/27, 79, 250, 3, 2, 44, 3
2025/5/28, 86, 198, 3, 1, 49, 3
2025/5/29, 84, 120, 3, 2, 47, 3
2025/5/30, 82, 183, 3, 1, 39, 3
2025/5/31, 90, , , , , 
2025/6/2, 195, 202, 3, 2, 7, 3
2025/6/3, 175, 182, 3, 1, 7, 3
2025/6/4, 160, 152, 3, 1, 7, 2
2025/6/5, 154, 232, 3, 1, 6, 3
2025/6/6, 223, 229, 3, 2, 6, 3
2025/6/7, 197, 191, 3, 1, 8, 3
2025/6/8, 176, 147, 3, 1, 7, 2
2025/6/9, 140, 185, 3, 1, 9, 3
2025/6/10, 157, 128, 3, 1, 9, 3
2025/6/11, 111, 179, 3, 1, 9, 3
2025/6/12, 148, 215, 3, 1, 7, 3
2025/6/13, 171, 187, 3, 2, 10, 3
2025/6/14, 163, 179, 3, 1, 8, 3
2025/6/15, 158, 132, 3, 2, 9, 2
2025/6/16, 109, 183, 3, 1, 6, 3
2025/6/17, 161, 209, 3, 2, 11, 2
2025/6/18, 157, 127, 3, 1, 7, 2
2025/6/19, 109, 176, 3, 1, 8, 2
2025/6/20, 149, 145, 3, 1, 10, 3
2025/6/21, 120, 178, 3, 1, 10, 3
2025/6/22, 150, 136, 3, 1, 9, 3
2025/6/23, 130, 181, 3, 1, 6, 3
2025/6/24, 161, 224, 3, 1, 10, 3
2025/6/25, 179, 188, 3, 2, 7, 3
2025/6/26, 169, 191, 3, 2, 7, 3
2025/6/27, 162, 167, 3, 1, 8, 3
2025/6/28, 145, 136, 3, 2, 8, 3
2025/6/29, 120, 132, 3, 1, 10, 3
2025/6/30, 114, 176, 3, 1, 9, 3
2025/1/1, 97, 86, 3, 2, 6, 2
2025/1/2, 110, 80, 3, 2, 6, 2
2025/1/3, 93, 87, 3, 2, 7, 2
2025/1/4, 100, 93, 3, 2, 7, 2
2025/1/5, 116, 85, 3, 2, 7, 2
2025/1/6, 107, 95, 3, 2, 6, 2
2025/1/7, 120, 95, 3, 2, 6, 2
2025/1/8, 117, 92, 3, 2, 7, 2
2025/1/9, 115, 103, 3, 2, 7, 2
2025/1/10, 128, 93, , 2, 7, 
2025/1/11, 128, 97, 3, 2, 7, 2
2025/1/12, 120, 99, 3, 2, 7, 2
2025/1/13, 124, 108, 3, 2, 7, 2
2025/1/14, 137, 109, 3, 2, 7, 2
2025/1/15, 147, 105, 3, 2, 7, 2
2025/1/16, 147, 99, 3, 2, 7, 2
2025/1/17, 131, 91, 3, 2, 7, 2
2025/1/18, 116, 95, 3, 2, 7, 2
2025/1/19, 127, 103, 3, 2, 7, 2
2025/1/20, 129, 104, 3, 2, 7, 2
2025/1/21, 135, 110, 3, 2, 7, 2
2025/1/22, 138, 97, 3, 2, 7, 2
2025/1/23, 126, 86, 3, 2, 8, 2
2025/1/24, 108, 115, 3, 2, 8, 2
2025/1/25, 140, 101, 3, 2, 8, 2
2025/1/26, 128, 104, 3, 2, 8, 2
2025/1/27, 129, 91, 3, 2, 9, 2
2025/1/28, 110, 83, 3, 2, 9, 2
2025/1/29, 98, 108, 3, 2, 9, 2
2025/1/30, 123, 76, 3, 2, 9, 2
2025/1/31, 83, 70, 3, 2, 9, 2
2025/2/1, 84, 93, 3, 2, 8, 2
2025/2/2, 96, 85, 3, 2, 8, 2
2025/2/3, 95, 81, 3, 2, 8, 2
2025/2/4, 144, 79, 3, 2, 8, 2
2025/2/5, 88, 99, 3, 2, 9, 2
2025/2/6, 112, 110, 3, 2, 9, 2
2025/2/7, 124, 109, 3, 2, 9, 2
2025/2/8, 123, 90, 3, 2, 9, 2
2025/2/9, 102, 81, 3, 2, 9, 2
2025/2/10, 91, 81, 3, 2, 9, 2
2025/2/11, 91, 97, 3, 2, 9, 2
2025/2/12, 109, 91, 3, 2, 9, 2
2025/2/13, 101, 93, 3, 2, 9, 2
2025/2/14, 104, 84, 3, 2, 9, 2
2025/2/15, 93, 87, 3, 2, 9, 2
2025/2/16, 96, 81, 3, 2, 9, 2
2025/2/17, 89, 90, 3, 2, 9, 2
2025/2/18, 100, 83, 3, 2, 9, 2
2025/2/19, 92, 97, 3, 2, 9, 2
2025/2/20, 108, 90, 3, 2, 9, 2
2025/2/21, 100, 90, 3, 2, 9, 2
2025/2/22, 101, 96, 3, 2, 9, 2
2025/2/23, 107, 88, 3, 2, 10, 2
2025/2/24, 98, 91, 3, 2, 10, 2
2025/2/25, 102, 95, 3, 2, 9, 2
2025/2/26, 106, 94, 3, 2, 10, 2
2025/2/27, 105, 100, 3, 2, 10, 2
2025/2/28, 112, 93, 3, 2, 10, 2
2025/3/1, 104, 86, 3, 2, 10, 2
2025/3/2, 96, 94, 3, 2, 10, 2
2025/3/3, 109, 246, 3, 2, 10, 2
2025/3/4, 104, 76, 3, 2, 10, 2
2025/3/5, 64, 83, 3, 2, 10, 2
2025/3/6, 70, 92, 3, 2, 11, 2
2025/3/7, 81, 102, 3, 2, 12, 2
2025/3/8, 92, 85, 3, 2, 11, 3
2025/3/9, 73, 452, 3, 2, 11, 3
2025/3/10, 169, 80, 3, 2, 13, 3
2025/3/11, 128, 73, 3, 3, 10, 3
2025/3/12, 156, 74, 3, 10, 10, 3
2025/3/13, 134, 72, 3, 7, 9, 2
2025/3/14, 84, 58, 3, 5, 8, 2
2025/3/15, 58, 61, 3, 5, 8, 2
2025/3/16, 62, 66, 3, 5, 8, 2
2025/3/17, 63, 62, 3, 4, 8, 2
2025/3/18, 62, 65, 3, 4, 8, 2
2025/3/19, 65, 61, 3, 4, 8, 2
2025/3/20, 60, 60, 3, 4, 8, 2
2025/3/21, 58, 59, , 4, 8, 2
2025/3/22, 57, 63, , 4, 8, 2
2025/3/23, 63, 64, , 4, 9, 2
2025/3/24, 68, 65, , 3, 9, 2
2025/3/25, 68, 57, , 3, 9, 2
2025/3/26, 58, 52, , 2, 9, 2
2025/3/27, 52, 68, 3, 3, 8, 2
2025/3/28, 64, 73, 3, 3, 9, 2
2025/3/29, 68, 74, 3, 3, 9, 2
2025/3/30, 72, 69, 3, 3, 9, 2
2025/3/31, 67, 70, 3, 3, 9, 2
2024/10/1, 71, 55, 3, 5, 5, 3
2024/10/2, 90, 42, 2, 4, 5, 2
2024/10/3, 60, 36, 2, 3, 5, 2
2024/10/4, 50, 38, 2, 3, 5, 2
2024/10/5, 51, 35, 2, 2, 5, 2
2024/10/6, 51, 57, 3, 7, 5, 3
2024/10/7, 84, 59, 3, 7, 5, 3
2024/10/8, 90, 49, 2, 6, 5, 3
2024/10/9, 76, 49, 2, 6, 5, 3
2024/10/10, 71, 39, 3, 5, 5, 3
2024/10/11, 59, 41, 3, 6, 5, 3
2024/10/12, 65, 44, 3, 6, 5, 3
2024/10/13, 66, 38, 4, 6, 5, 3
2024/10/14, 57, 39, 4, 6, 5, 3
2024/10/15, 61, 48, 3, 7, 5, 3
2024/10/16, 73, 54, 2, 6, 5, 3
2024/10/17, 83, 47, , 3, 6, 1
2024/10/18, 96, 35, , 2, 7, 1
2024/10/19, 52, 38, 2, 2, 6, 1
2024/10/20, 58, 35, , 2, 6, 2
2024/10/21, 58, 45, 1, 2, 6, 2
2024/10/22, 67, 49, , 2, 6, 2
2024/10/23, 74, 57, , 2, 6, 2
2024/10/24, 91, 61, 9, 2, 6, 2
2024/10/25, 100, 61, , 2, 6, 2
2024/10/26, 104, 66, 1, 2, 6, 2
2024/10/27, 112, 65, 1, 2, 6, 2
2024/10/28, 107, 55, 2, 2, 6, 2
2024/10/29, 88, 74, 2, 2, 6, 2
2024/10/30, 125, 82, 1, 2, 6, 2
2024/10/31, 143, 80, 1, 2, 6, 2
2024/11/1, 132, 97, , 2, 6, 2
2024/11/2, 151, 83, 1, 2, 6, 2
2024/11/3, 137, 83, , 2, 6, 2
2024/11/4, 135, 80, 8, 2, 6, 2
2024/11/5, 126, 80, 1, 2, 7, 2
2024/11/6, 125, 78, 2, 3, 6, 2
2024/11/7, 121, 82, 4, 3, 8, 2
2024/11/8, 135, 77, 13, 2, 8, 2
2024/11/9, 127, 78, 15, 3, 7, 2
2024/11/10, 133, 81, 37, 3, 6, 2
2024/11/11, 143, 79, 61, 3, 6, 2
2024/11/12, 136, 74, 11, 3, 6, 2
2024/11/13, 124, 77, 26, 3, 6, 2
2024/11/14, 115, 85, 17, 3, 6, 2
2024/11/15, 107, 97, 17, 3, 6, 2
2024/11/16, 131, 98, 12, 3, 7, 2
2024/11/17, 144, 71, 3, 3, 6, 2
2024/11/18, 80, 83, 3, 3, 6, 2
2024/11/19, 104, 89, 3, 3, 6, 2
2024/11/20, 118, 93, 3, 3, 6, 2
2024/11/21, 124, 101, 3, 3, 6, 2
2024/11/22, 138, 105, 3, 2, 6, 2
2024/11/23, 146, 110, 3, 3, 6, 2
2024/11/24, 150, 105, 3, 2, 6, 2
2024/11/25, 139, 88, 3, 3, 6, 2
2024/11/26, 116, 85, 3, 3, 6, 2
2024/11/27, 106, 84, 3, 3, 7, 2
2024/11/28, 107, 80, 3, 3, 7, 2
2024/11/29, 97, 86, 3, 3, 7, 2
2024/11/30, 107, 94, 3, 3, 6, 2
2024/12/1, 128, 99, 3, 2, 6, 2
2024/12/2, 139, 88, 3, 3, 6, 2
2024/12/3, 115, 88, 3, 3, 6, 2
2024/12/4, 115, 88, 3, 3, 6, 2
2024/12/5, 114, 87, 3, 3, 6, 2
2024/12/6, 114, 78, 3, 3, 6, 2
2024/12/7, 97, 69, 3, 3, 6, 2
2024/12/8, 81, 72, 3, 3, 6, 2
2024/12/9, 79, 89, 3, 3, 6, 2
2024/12/10, 88, 90, 3, 3, 7, 2
2024/12/11, 102, 89, 3, 3, 7, 2
2024/12/12, 107, 78, 3, 3, 6, 2
2024/12/13, 90, 86, 3, 3, 7, 2
2024/12/14, 102, 85, 3, 3, 6, 2
2024/12/15, 103, 83, 3, 3, 6, 2
2024/12/16, 101, 96, 3, 3, 6, 2
2024/12/17, 118, 108, 3, 3, 6, 2
2024/12/18, 139, 107, 3, 3, 6, 2
2024/12/19, 141, 144, 3, 2, 6, 2
2024/12/20, 167, 126, 3, 2, 7, 2
2024/12/21, 151, 106, 3, 2, 6, 2
2024/12/22, 132, 92, 3, 2, 6, 2
2024/12/23, 122, 99, 3, 2, 6, 2
2024/12/24, 135, 99, 3, 2, 6, 2
2024/12/25, 135, 110, 3, 2, 6, 2
2024/12/26, 139, 92, 3, 2, 6, 2
2024/12/27, 121, 114, 3, 2, 6, 2
2024/12/28, 154, 94, 3, 2, 6, 2
2024/12/29, 125, , , , , 
2024/7/1, 50, 51, 2, 6, 5, 2
2024/7/2, 57, 47, 2, 5, 5, 2
2024/7/3, 50, 43, 2, 5, 5, 2
2024/7/4, 41, 30, 2, 5, 5, 2
2024/7/5, 26, 48, 2, 6, 5, 2
2024/7/6, 51, 35, 2, 5, 5, 2
2024/7/7, 47, 20, 2, 4, 5, 3
2024/7/8, 43, 22, 2, 3, 5, 3
2024/7/9, 48, , , , , 
2024/7/11, 54, 29, 2, 5, 5, 3
2024/7/12, 50, 20, 2, 6, 5, 2
2024/7/13, 34, 22, 2, 4, 5, 2
2024/7/14, 34, 32, 2, 4, 6, 3
2024/7/15, 72, 29, 2, 2, 6, 3
2024/7/16, 61, 24, 2, 5, 5, 3
2024/7/17, 40, 16, 2, 4, 5, 3
2024/7/18, 30, 30, 2, 6, 5, 2
2024/7/19, 47, 22, 2, 6, 5, 3
2024/7/20, 33, 16, 2, 6, 5, 2
2024/7/21, 29, 29, 3, 6, 5, 2
2024/7/22, 43, 25, 2, 6, 5, 3
2024/7/23, 21, 29, 3, 6, 5, 3
2024/7/24, 32, 20, 3, 5, 5, 2
2024/7/25, 34, 42, 2, 5, 5, 2
2024/7/26, 46, 38, 2, 5, 5, 2
2024/7/27, 45, 46, 2, 5, 5, 3
2024/7/28, 49, 38, 2, 6, 5, 3
2024/7/29, 48, 37, 2, 5, 5, 3
2024/7/30, 43, 28, 2, 5, 5, 3
2024/7/31, 34, 29, 2, 5, 5, 3
2024/8/1, 36, 25, 2, 5, 5, 2
2024/8/2, 26, 26, 2, 6, 5, 2
2024/8/3, 34, 30, 2, 5, 5, 2
2024/8/4, 34, 28, 2, 5, 5, 3
2024/8/5, 39, 25, 2, 4, 5, 3
2024/8/6, 29, 23, 2, 4, 5, 3
2024/8/7, 32, 28, 2, 4, 5, 3
2024/8/8, 24, 29, 2, 4, 5, 3
2024/8/9, 31, 22, 2, 3, 5, 3
2024/8/10, 22, 22, 2, 4, 5, 3
2024/8/11, 26, 43, 2, 4, 5, 3
2024/8/12, 56, 41, 2, 2, 5, 3
2024/8/13, 58, 42, 2, 2, 5, 3
2024/8/14, 59, 41, 2, 2, 5, 3
2024/8/15, 56, 43, 2, 2, 5, 3
2024/8/16, 60, 44, 3, 3, 5, 3
2024/8/17, 65, 50, 2, 3, 5, 3
2024/8/18, 63, 48, 2, 3, 5, 3
2024/8/19, 65, 48, 2, 3, 5, 3
2024/8/20, 82, 48, 2, 3, 5, 3
2024/8/21, 82, 52, 2, 5, 5, 3
2024/8/22, 86, 35, 2, 3, 5, 3
2024/8/23, 51, 31, 2, 3, 5, 3
2024/8/24, 53, 37, 2, 5, 5, 3
2024/8/25, 46, 47, 2, 6, 5, 3
2024/8/26, 54, 282, 2, 5, 5, 3
2024/8/27, 487, 40, 2, 5, 5, 3
2024/8/28, 51, 36, 2, 5, 5, 3
2024/8/29, 40, 51, 2, 5, 5, 2
2024/8/30, 61, 34, 2, 3, 5, 2
2024/8/31, 46, 33, 2, 2, 5, 2
2024/9/1, 42, 33, 2, 3, 5, 2
2024/9/2, 43, 34, 2, 4, 5, 2
2024/9/3, 46, 34, 2, 4, 5, 2
2024/9/4, 45, 31, 2, 4, 5, 2
2024/9/5, 44, 35, 2, 4, 5, 2
2024/9/6, 47, 30, 2, 3, 5, 2
2024/9/7, 42, 31, 2, 3, 5, 2
2024/9/8, 41, 29, 2, 2, 5, 2
2024/9/9, 41, 34, 2, 3, 5, 2
2024/9/10, 47, 33, 2, 4, 5, 2
2024/9/11, 47, 39, 2, 4, 5, 2
2024/9/12, 50, 41, 2, 3, 5, 2
2024/9/13, 53, 34, 2, 3, 5, 2
2024/9/14, 46, 31, 2, 3, 5, 2
2024/9/15, 48, 41, 2, 4, 5, 2
2024/9/16, 60, 36, 2, 3, 5, 2
2024/9/17, 52, 47, 2, 4, 5, 2
2024/9/18, 64, 45, 2, 3, 5, 2
2024/9/19, 55, 47, 2, 5, 5, 2
2024/9/20, 58, 38, 2, 3, 5, 2
2024/9/21, 51, 38, 2, 3, 5, 2
2024/9/22, 49, 40, 2, 4, 5, 2
2024/9/23, 56, 32, 2, 5, 5, 2
2024/9/24, 50, 27, 2, 5, 5, 2
2024/9/25, 46, 26, 2, 5, 5, 2
2024/9/26, 42, 24, 2, 7, 5, 2
2024/9/27, 37, 26, 2, 6, 5, 2
2024/9/28, 41, 37, 1, 4, 5, 2
2024/9/29, 46, 35, 2, 5, 5, 2
2024/9/30, 51, 46, 2, 5, 5, 2
2024/4/1, 89, , , , , 
2024/4/3, 93, 58, 19, 7, 13, 5
2024/4/4, 68, , , , , 
2024/4/5, 89, , , , , 
2024/4/7, 70, 53, 14, 7, 12, 5
2024/4/8, 70, 71, 22, 7, 14, 5
2024/4/9, 79, 70, 27, 8, 14, 5
2024/4/10, 85, 70, 31, 8, 14, 5
2024/4/11, 77, , , , , 
2024/4/13, 58, 56, 23, 6, 14, 5
2024/4/14, 60, 80, 37, 8, 14, 5
2024/4/15, 97, 96, 38, 11, 15, 7
2024/4/16, 114, 82, 26, 13, 17, 7
2024/4/17, 98, 80, 26, 10, 17, 6
2024/4/18, 102, 101, 22, 8, 17, 5
2024/4/19, 99, 84, 19, 6, 15, 5
2024/4/20, 66, 52, 24, 7, 15, 5
2024/4/21, 54, 54, 26, 7, 15, 5
2024/4/22, 66, 63, 26, 7, 15, 5
2024/4/23, 64, 66, 25, 7, 15, 5
2024/4/24, 68, 66, 23, 7, 17, 5
2024/4/25, 60, , , , , 
2024/4/27, 83, 94, 33, 8, 20, 6
2024/4/28, 119, 119, 30, 8, 16, 6
2024/4/29, 101, 75, 34, 8, 16, 6
2024/4/30, 71, 83, 23, 8, 17, 6
2024/5/1, 63, 85, 29, 8, 16, 5
2024/5/2, 67, 89, 23, 8, 17, 6
2024/5/3, 72, 68, 18, 7, 17, 5
2024/5/4, 64, 64, 23, 7, 17, 6
2024/5/5, 67, 53, 13, 6, 16, 5
2024/5/6, 51, 66, 19, 7, 18, 5
2024/5/7, 56, 57, 17, 7, 16, 5
2024/5/8, 46, 52, 16, 6, 17, 5
2024/5/9, 50, 52, 15, 6, 17, 5
2024/5/10, 49, 61, 13, 6, 19, 6
2024/5/11, 57, , , , , 
2024/5/13, 49, 85, 46, 11, 16, 8
2024/5/14, 104, 83, 18, 12, 15, 8
2024/5/15, 113, 72, 34, 6, 16, 7
2024/5/16, 78, 68, 51, 11, 16, 7
2024/5/17, 80, 64, 26, 7, 15, 6
2024/5/18, 64, 68, 24, 8, 15, 6
2024/5/19, 63, 55, 21, 7, 15, 6
2024/5/20, 44, 61, 13, 7, 19, 6
2024/5/21, 57, 66, 14, 7, 18, 6
2024/5/22, 62, 64, 14, 6, 17, 6
2024/5/23, 65, 59, 14, 6, 18, 6
2024/5/24, 63, 58, 9, 6, 17, 6
2024/5/25, 61, 57, 9, 6, 17, 6
2024/5/26, 61, 64, 7, 6, 12, 6
2024/5/27, 64, 57, 2, 6, 5, 6
2024/5/28, 57, 66, 2, 6, 5, 5
2024/5/29, 61, 58, 1, 6, 5, 5
2024/5/30, 61, 51, 2, 5, 5, 5
2024/5/31, 54, 53, 2, 6, 5, 5
2024/6/1, 47, 51, , 8, 5, 6
2024/6/2, 47, 56, 2, 5, 5, 6
2024/6/3, 56, 62, 2, 5, 5, 6
2024/6/4, 63, 48, 1, 5, 5, 6
2024/6/5, 52, 45, , 5, 5, 6
2024/6/6, 50, 55, 2, 5, 5, 6
2024/6/7, 53, 56, 3, 6, 5, 6
2024/6/8, 57, 29, , 4, 5, 6
2024/6/9, 48, 40, 1, 6, 5, 7
2024/6/10, 77, 37, , 6, 5, 7
2024/6/11, 64, 29, , 6, 5, 6
2024/6/12, 44, 37, , 5, 5, 7
2024/6/13, 44, 35, , 6, 5, 7
2024/6/14, 43, 46, 1, 6, 5, 7
2024/6/15, 48, 52, , 5, 5, 8
2024/6/16, 57, 43, 2, 6, 5, 6
2024/6/17, 57, 49, 2, 3, 5, 8
2024/6/18, 61, 112, 2, 5, 5, 7
2024/6/19, 124, 49, 2, 4, 6, 9
2024/6/20, 87, 40, 2, 5, 5, 7
2024/6/21, 50, 157, 2, 4, 5, 7
2024/6/22, 227, 316, 2, 4, 5, 9
2024/6/23, 45, 32, 3, 5, 5, 5
2024/6/24, 50, 32, 2, 5, 5, 2
2024/6/25, 44, 22, 2, 6, 5, 2
2024/6/26, 34, 19, 2, 6, 5, 2
2024/6/27, 37, 29, 2, 6, 5, 2
2024/6/28, 44, 39, 2, 5, 5, 2
2024/6/29, 52, 44, 2, 5, 5, 2
2024/6/30, 51, 48, 2, 6, 5, 2
2024/1/1, 141, 100, 19, 8, 17, 7
2024/1/2, 151, 96, 18, 9, 17, 7
2024/1/3, 142, 95, 15, 9, 17, 8
2024/1/4, 141, 97, 16, 9, 17, 7
2024/1/5, 140, 89, 13, 9, 17, 6
2024/1/6, 141, 99, 18, 8, 17, 8
2024/1/7, 144, 86, 20, 9, 17, 7
2024/1/8, 113, 87, 13, 7, 17, 6
2024/1/9, 124, 66, 17, 7, 17, 6
2024/1/10, 79, 93, 13, 10, 18, 6
2024/1/11, 129, 88, 20, 11, 9, 7
2024/1/12, 116, 87, 24, 8, 5, 7
2024/1/13, 124, , , , , 
2024/1/15, 144, 65, 18, 10, 5, 6
2024/1/16, 83, 68, 18, 10, 5, 6
2024/1/17, 93, 64, 17, 9, 5, 6
2024/1/18, 89, 81, 12, 10, 5, 7
2024/1/19, 125, 99, 26, 12, 6, 8
2024/1/20, 138, , , , , 
2024/1/22, 111, 53, 15, 9, 6, 6
2024/1/23, 68, 75, 16, 11, 6, 6
2024/1/24, 88, 73, 15, 11, 7, 6
2024/1/25, 82, 75, 17, 11, 7, 7
2024/1/26, 97, 74, 11, 11, 7, 7
2024/1/27, 95, 69, 12, 10, 8, 6
2024/1/28, 85, 69, 12, 10, 8, 6
2024/1/29, 91, 75, 11, 11, 8, 6
2024/1/30, 100, 83, 19, 11, 8, 7
2024/1/31, 98, 71, 10, 10, 9, 7
2024/2/1, 83, 73, 10, 9, 10, 6
2024/2/2, 74, 66, 9, 10, 10, 7
2024/2/3, 81, 91, 21, 9, 10, 7
2024/2/4, 118, 79, 18, 10, 11, 7
2024/2/5, 97, 70, 14, 8, 11, 6
2024/2/6, 80, 92, 17, 10, 11, 6
2024/2/7, 96, 75, 16, 9, 11, 6
2024/2/8, 83, 79, 19, 9, 11, 7
2024/2/9, 92, 69, 18, 10, 11, 6
2024/2/10, 82, 73, 23, 10, 11, 6
2024/2/11, 86, 75, 29, 11, 12, 6
2024/2/12, 99, 69, 25, 10, 12, 6
2024/2/13, 88, 79, 19, 10, 12, 6
2024/2/14, 99, 91, 21, 11, 12, 7
2024/2/15, 109, 101, 38, 6, 8, 5
2024/2/16, 132, 103, 27, 4, 4, 4
2024/2/17, 133, 76, 27, 9, 6, 5
2024/2/18, 92, 66, 31, 11, 6, 5
2024/2/19, 81, 63, 24, 10, 6, 5
2024/2/20, 60, 29, 17, 6, 7, 4
2024/2/21, 41, 55, 15, 8, 7, 4
2024/2/22, 495, 58, 11, 8, 7, 4
2024/2/24, 80, 63, 46, 8, 8, 5
2024/2/25, 66, 97, 52, 16, 9, 7
2024/2/26, 117, 98, 52, 14, 9, 7
2024/2/27, 119, 94, 58, 12, 10, 6
2024/2/28, 102, 94, 55, 12, 10, 7
2024/2/29, 105, 182, 62, 13, 10, 7
2024/3/1, 95, 54, 21, 7, 10, 4
2024/3/2, 57, 46, 21, 6, 10, 4
2024/3/3, 38, 45, 31, 7, 10, 4
2024/3/4, 41, 76, 44, 10, 11, 5
2024/3/5, 86, 70, 44, 12, 11, 5
2024/3/6, 77, 99, 53, 15, 11, 6
2024/3/7, 103, 72, 37, 8, 11, 5
2024/3/8, 69, 72, 46, 11, 12, 5
2024/3/9, 79, 70, 27, 9, 11, 5
2024/3/10, 77, 57, 20, 9, 12, 5
2024/3/11, 65, 74, 38, 10, 12, 5
2024/3/12, 74, 75, 25, 12, 13, 5
2024/3/13, 88, 55, 21, 10, 12, 5
2024/3/14, 61, , , , , 
2024/3/16, 77, 87, , 8, 12, 
2024/3/17, 78, 85, 29, 8, 13, 5
2024/3/18, 73, 85, 35, 9, 13, 5
2024/3/19, 82, 83, 40, 12, 13, 6
2024/3/20, 91, 91, 55, 12, 14, 7
2024/3/21, 100, 94, 34, 13, 15, 8
2024/3/22, 115, 81, 50, 9, 14, 6
2024/3/23, 92, 69, 26, 8, 14, 5
2024/3/24, 68, 64, 24, 8, 14, 6
2024/3/25, 73, 66, 31, 9, 14, 5
2024/3/26, 61, 74, 26, 10, 14, 5
2024/3/27, 67, 68, 23, 8, 13, 5
2024/3/28, 74, 68, 14, 8, 13, 5
2024/3/29, 79, 94, 28, 8, 13, 5
2024/3/30, 103, 75, 31, 8, 14, 5
2024/3/31, 76, 99, 33, 8, 14, 5
2023/10/1, 110, 67, , 8, 16, 9
2023/10/2, 113, 62, , 6, 15, 8
2023/10/3, 83, , 1, 6, 15, 8
2023/10/4, 93, 67, 9, 6, 15, 8
2023/10/5, 92, 60, 9, 6, 15, 10
2023/10/6, 104, 57, 9, 6, 15, 12
2023/10/7, 101, 60, 9, 7, 15, 11
2023/10/8, 122, 68, 10, 8, 15, 8
2023/10/9, 144, 51, 9, 7, 15, 8
2023/10/10, 107, 43, 10, 7, 14, 8
2023/10/11, 68, 58, 11, 9, 14, 8
2023/10/12, 108, 84, 23, 9, 12, 7
2023/10/13, 157, 80, 13, 8, 8, 4
2023/10/14, 157, 73, 12, 7, 7, 3
2023/10/15, 153, 89, 11, 11, 9, 4
2023/10/16, 159, 88, 14, 9, 9, 5
2023/10/17, 163, 87, 11, 8, 9, 5
2023/10/18, 163, 68, 13, 9, 9, 3
2023/10/19, 135, 91, 14, 11, 9, 5
2023/10/20, 158, 83, 14, 10, 9, 5
2023/10/21, 158, 91, 15, 11, 9, 5
2023/10/22, 166, 81, 13, 9, 10, 5
2023/10/23, 163, 88, 14, 11, 11, 4
2023/10/24, 158, 86, 17, 9, 11, 5
2023/10/25, 156, 88, 13, 9, 12, 5
2023/10/26, 150, 88, 13, 8, 12, 5
2023/10/27, 143, 87, 13, 8, 13, 4
2023/10/28, 146, 88, 14, 8, 13, 4
2023/10/29, 159, 89, 17, 9, 14, 6
2023/10/30, 157, 94, 15, 9, 14, 6
2023/10/31, 163, 87, 13, 9, 15, 5
2023/11/1, 161, 91, 14, 9, 16, 5
2023/11/2, 166, 93, 11, 9, 17, 5
2023/11/3, 166, 87, 12, 9, 17, 5
2023/11/4, 163, 95, 13, 10, 19, 6
2023/11/5, 169, 96, 13, 10, 20, 6
2023/11/6, 169, 90, 13, 9, 20, 6
2023/11/7, 163, 71, 11, 10, 21, 5
2023/11/8, 118, 63, 12, 8, 21, 5
2023/11/9, 114, 55, 15, 8, 21, 4
2023/11/10, 104, 65, 9, 7, 22, 4
2023/11/11, 148, , , , , 
2023/11/19, 145, 63, 11, 7, 25, 6
2023/11/20, 97, , , , , 
2023/11/22, 104, 75, 20, 9, 27, 6
2023/11/23, 120, 90, 11, 9, 29, 7
2023/11/24, 143, 62, 14, 10, 29, 6
2023/11/25, 90, 50, 12, 9, 29, 6
2023/11/26, 69, 45, 13, 12, 14, 7
2023/11/27, 41, 45, 12, 6, 14, 5
2023/11/28, 61, 58, 16, 6, 14, 7
2023/11/29, 79, 64, 18, 8, 14, 6
2023/11/30, 89, 132, 12, 6, 15, 8
2023/12/1, 142, 81, 21, 10, 14, 9
2023/12/2, 111, 76, 21, 8, 14, 10
2023/12/3, 109, 77, 16, 8, 15, 9
2023/12/4, 112, 77, 17, 8, 15, 9
2023/12/5, 113, , , , , 
2023/12/7, 84, 73, 16, 9, 15, 8
2023/12/8, 92, 71, 17, 8, 15, 8
2023/12/9, 96, 68, 17, 8, 15, 8
2023/12/10, 85, 70, 11, 6, 15, 8
2023/12/11, 102, 75, 15, 7, 16, 8
2023/12/12, 100, , , , , 
2023/12/14, 115, 94, 11, 6, 16, 11
2023/12/15, 131, 73, 16, 9, 16, 7
2023/12/16, 98, 83, 14, 9, 16, 9
2023/12/17, 118, 88, 17, 11, 15, 9
2023/12/18, 123, 92, 15, 11, 15, 9
2023/12/19, 118, 76, 12, 9, 15, 10
2023/12/20, 97, 98, 15, 13, 15, 11
2023/12/21, 124, 90, 15, 10, 16, 12
2023/12/22, 128, 264, 20, 13, 16, 9
2023/12/23, 223, 96, 18, 10, 16, 7
2023/12/24, 134, 74, 12, 8, 16, 7
2023/12/25, 119, 99, 22, 10, 16, 7
2023/12/26, 145, 99, 19, 10, 16, 7
2023/12/27, 145, 112, 19, 9, 16, 8
2023/12/28, 154, 128, 14, 13, 17, 8
2023/12/29, 157, 95, 9, 6, 16, 9
2023/12/30, 151, 86, 21, 10, 16, 7
2023/12/31, 120, 96, 20, 9, 16, 7
2023/7/1, 53, 23, 14, 5, 3, 5
2023/7/2, 45, 24, 14, 6, 3, 5
2023/7/3, 51, 24, 14, 6, 3, 5
2023/7/4, 55, 31, 13, 7, 3, 6
2023/7/5, 66, 19, 14, 7, 3, 5
2023/7/6, 46, 21, 14, 8, 3, 5
2023/7/7, 46, 47, 15, 8, 3, 5
2023/7/8, 72, 42, 14, 7, 3, 5
2023/7/9, 60, 45, 14, 7, 3, 5
2023/7/10, 58, 43, 14, 6, 3, 5
2023/7/11, 56, 41, 14, 5, 3, 5
2023/7/12, 52, , , , , 
2023/7/14, 60, 37, 14, 6, 3, 5
2023/7/15, 59, 32, 14, 6, 3, 5
2023/7/16, 50, 18, 14, 5, 3, 5
2023/7/17, 41, 20, 14, 6, 3, 5
2023/7/18, 46, 26, 15, 7, 3, 5
2023/7/19, 54, 37, 14, 7, 3, 5
2023/7/20, 63, 25, 14, 7, 3, 5
2023/7/21, 55, 24, 14, 6, 3, 5
2023/7/22, 51, 22, 15, 6, 3, 5
2023/7/23, 46, 24, 15, 7, 3, 5
2023/7/24, 45, 27, 14, 7, 3, 5
2023/7/25, 52, 15, 14, 6, 3, 5
2023/7/26, 39, 18, 14, 7, 3, 5
2023/7/27, 47, 25, 14, 6, 3, 5
2023/7/28, 47, 30, 14, 5, 3, 5
2023/7/29, 49, 35, 13, 5, 3, 5
2023/7/30, 50, 32, 14, 6, 3, 5
2023/7/31, 51, 57, 14, 6, 3, 5
2023/8/1, 47, 47, 14, 7, 3, 5
2023/8/2, 53, 42, 14, 7, 3, 5
2023/8/3, 53, 46, 14, 7, 3, 5
2023/8/4, 54, 47, 14, 7, 3, 5
2023/8/5, 54, 48, 14, 7, 3, 5
2023/8/6, 56, 51, 14, 7, 3, 5
2023/8/7, 53, 50, 14, 7, 3, 5
2023/8/8, 52, 49, 14, 6, 3, 5
2023/8/9, 55, 44, 14, 6, 3, 5
2023/8/10, 50, 41, 14, 6, 3, 5
2023/8/11, 48, 42, 14, 6, 3, 5
2023/8/12, 50, 46, 15, 6, 3, 5
2023/8/13, 51, 46, 14, 7, 3, 5
2023/8/14, 51, 40, 14, 6, 3, 5
2023/8/15, 52, 38, 14, 6, 3, 5
2023/8/16, 42, 33, 14, 4, 3, 5
2023/8/17, 42, 31, 14, 4, 3, 5
2023/8/18, 36, 36, 14, 5, 3, 5
2023/8/19, 48, 36, 14, 5, 3, 5
2023/8/20, 49, 32, 14, 4, 3, 5
2023/8/21, 42, 24, 14, 4, 3, 5
2023/8/22, 45, 26, 14, 4, 3, 5
2023/8/23, 47, 24, 14, 5, 3, 5
2023/8/24, 32, 25, 14, 4, 9, 6
2023/8/25, 38, 22, , 5, 13, 7
2023/8/26, 33, 19, , 4, 13, 7
2023/8/27, 40, , , 4, , 
2023/8/28, 49, 42, , 4, 14, 7
2023/8/29, 58, 45, , 4, 13, 7
2023/8/30, 58, 50, , 4, 14, 7
2023/8/31, 68, 50, 1, 5, 13, 7
2023/9/1, 62, 38, , 4, 14, 7
2023/9/2, 68, 42, , 3, 14, 7
2023/9/3, 69, 54, , 4, 14, 7
2023/9/4, 75, 52, , 4, 14, 7
2023/9/5, 70, 46, , 4, 14, 7
2023/9/6, 64, 32, , 4, 14, 8
2023/9/7, 60, 31, , 5, 14, 8
2023/9/8, 57, 32, , 4, 14, 8
2023/9/9, 50, 25, , 4, 14, 8
2023/9/10, 40, 27, , 4, 14, 8
2023/9/11, 43, 33, , 4, 14, 8
2023/9/12, 49, 29, , 4, 14, 8
2023/9/13, 42, 25, , 4, 15, 8
2023/9/14, 51, 36, , 4, 15, 8
2023/9/15, 62, 29, , 5, 15, 8
2023/9/16, 42, 33, , 6, 15, 8
2023/9/17, 51, 30, , 6, 15, 8
2023/9/18, 50, 31, , 5, 15, 8
2023/9/19, 57, 23, , 4, 15, 8
2023/9/20, 48, 25, , 5, 15, 8
2023/9/21, 48, 26, , 4, 15, 8
2023/9/22, 58, 33, , 3, 16, 9
2023/9/23, 74, 32, , 3, 15, 9
2023/9/24, 77, 30, , 4, 15, 8
2023/9/25, 44, 38, , 5, 15, 8
2023/9/26, 71, 35, , 6, 15, 8
2023/9/27, 76, 48, , 6, 16, 9
2023/9/28, 107, 45, , 7, 15, 9
2023/9/29, 98, 43, , 7, 15, 8
2023/9/30, 92, 55, , 9, 15, 8
2023/4/3, 77, 47, 19, 8, 4, 5
2023/4/4, 69, 57, 19, 8, 4, 5
2023/4/5, 85, 74, 28, 9, 4, 5
2023/4/6, 111, 91, 30, 12, 4, 5
2023/4/7, 139, 92, 38, 15, 4, 6
2023/4/8, 153, 81, 34, 12, 4, 5
2023/4/9, 148, 88, 36, 12, 4, 5
2023/4/10, 146, 78, 31, 12, 4, 5
2023/4/11, 125, 74, 32, 12, 4, 5
2023/4/12, 126, 82, 33, 16, 4, 5
2023/4/13, 131, 73, 27, 12, 4, 5
2023/4/14, 108, 65, 23, 11, 4, 5
2023/4/15, 99, 53, 18, 7, 4, 5
2023/4/16, 85, 72, 24, 11, 4, 5
2023/4/17, 100, 70, 30, 11, 4, 5
2023/4/18, 103, 78, 30, 14, 4, 5
2023/4/19, 126, 60, 25, 10, 4, 5
2023/4/20, 84, 50, 19, 8, 4, 5
2023/4/21, 66, 41, 16, 7, 4, 5
2023/4/22, 60, 51, 17, 7, 4, 5
2023/4/23, 66, 49, 19, 8, 4, 5
2023/4/24, 76, 67, 24, 9, 4, 5
2023/4/25, 102, 65, 18, 10, 4, 5
2023/4/26, 90, 57, 17, 8, 4, 5
2023/4/27, 84, 61, , 7, 5, 
2023/4/28, 61, , , , , 
2023/5/1, 60, 43, 17, 8, 4, 5
2023/5/2, 58, 39, 17, 7, 4, 5
2023/5/3, 64, 43, 18, 7, 4, 5
2023/5/4, 74, 45, 17, 7, 4, 5
2023/5/5, 75, 42, 17, 7, 4, 5
2023/5/6, 72, 46, 16, 7, 4, 5
2023/5/7, 77, 48, 16, 7, 4, 5
2023/5/8, 71, 56, 17, 7, 4, 5
2023/5/9, 72, 76, 19, 9, 4, 5
2023/5/10, 92, 80, 20, 9, 4, 5
2023/5/11, 106, 76, 19, 10, 4, 5
2023/5/12, 107, 55, 18, 9, 4, 5
2023/5/13, 75, 33, 16, 7, 4, 5
2023/5/14, 48, 43, 16, 7, 4, 5
2023/5/15, 65, 47, 15, 7, 4, 5
2023/5/16, 65, 39, 16, 6, 4, 5
2023/5/17, 61, 39, 16, 6, 4, 5
2023/5/18, 57, 25, 13, 5, 4, 5
2023/5/19, 40, , , , , 
2023/5/22, 59, 50, 16, 7, 4, 5
2023/5/23, 62, 43, 15, 7, 4, 5
2023/5/24, 57, 38, 16, 7, 3, 5
2023/5/25, 55, 44, 15, 7, 4, 5
2023/5/26, 59, 41, 15, 7, 4, 5
2023/5/27, 57, 34, 15, 6, 4, 5
2023/5/28, 53, 41, 16, 7, 4, 5
2023/5/29, 57, 48, 20, 8, 3, 5
2023/5/30, 65, 56, 17, 9, 4, 5
2023/5/31, 70, 49, 17, 8, 4, 5
2023/6/1, 58, 38, 14, 6, 4, 5
2023/6/2, 52, 27, 15, 6, 4, 5
2023/6/3, 41, 35, 15, 7, 4, 5
2023/6/4, 47, 40, 15, 7, 4, 5
2023/6/5, 52, 49, 15, 7, 4, 5
2023/6/6, 61, 54, 15, 6, 4, 5
2023/6/7, 58, 46, 16, 8, 4, 5
2023/6/8, 55, 36, 16, 9, 3, 5
2023/6/9, 42, 46, 17, 9, 4, 5
2023/6/10, 47, 52, 15, 9, 4, 5
2023/6/11, 58, 47, 13, 8, 4, 5
2023/6/12, 85, 50, 14, 6, 3, 5
2023/6/13, 63, 46, 14, 7, 3, 5
2023/6/14, 56, 52, 14, 7, 3, 5
2023/6/15, 60, 53, 14, 7, 3, 5
2023/6/16, 60, 52, 15, 8, 3, 5
2023/6/17, 62, 54, 14, 7, 3, 5
2023/6/18, 62, 55, 14, 7, 3, 5
2023/6/19, 62, 58, 14, 7, 3, 5
2023/6/20, 65, , 14, 6, 3, 5
2023/6/21, 65, 54, 15, 6, 3, 5
2023/6/22, 63, 46, 14, 7, 3, 5
2023/6/23, 60, 27, 13, 6, 3, 5
2023/6/24, 55, 24, 14, 5, 3, 5
2023/6/25, 61, 30, 14, 6, 3, 5
2023/6/26, 55, 23, 14, 6, 3, 5
2023/6/27, 53, 26, 14, 6, 3, 6
2023/6/28, 62, 23, 14, 7, 3, 5
2023/6/29, 50, 21, 14, 7, 3, 5
2023/6/30, 44, 29, 14, 7, 3, 5
2023/1/2, 167, 101, 30, 16, 3, 7
2023/1/3, 173, 99, 30, 15, 3, 7
2023/1/4, 174, 119, 28, 16, 3, 8
2023/1/5, 184, 107, 25, 14, 3, 7
2023/1/6, 179, 99, 22, 12, 3, 7
2023/1/7, 175, 86, 23, 11, 3, 6
2023/1/8, 166, 66, 23, 12, 3, 6
2023/1/9, 127, 77, 24, 15, 3, 6
2023/1/10, 145, 97, 27, 18, 3, 7
2023/1/11, 169, 75, 25, 15, 3, 6
2023/1/12, 139, 106, 18, 8, 3, 5
2023/1/13, 124, 119, 23, 13, 3, 6
2023/1/14, 152, 109, 29, 16, 2, 7
2023/1/15, 172, 113, 31, 17, 3, 8
2023/1/16, 174, 111, 32, 17, 3, 8
2023/1/17, 180, 115, 34, 20, 3, 8
2023/1/18, 183, 106, 33, 19, 3, 8
2023/1/19, 178, 86, 26, 17, 3, 7
2023/1/20, 161, 81, 29, 15, 3, 7
2023/1/21, 147, 78, 27, 13, 3, 6
2023/1/22, 143, 79, 26, 15, 3, 7
2023/1/23, 152, 77, 26, 13, 3, 6
2023/1/24, 156, 91, 29, 14, 3, 7
2023/1/25, 168, 105, 31, 15, 3, 7
2023/1/26, 180, 107, 29, 14, 3, 7
2023/1/27, 179, 106, 24, 16, 3, 8
2023/1/28, 173, 90, 23, 12, 3, 7
2023/1/29, 166, 78, 27, 10, 3, 6
2023/1/30, 158, 100, 29, 12, 3, 6
2023/1/31, 175, 90, 24, 12, 4, 5
2023/2/1, 164, 84, 27, 13, 4, 5
2023/2/2, 159, 82, 30, 13, 4, 5
2023/2/3, 155, 88, 31, 14, 4, 5
2023/2/4, 160, 86, 15, 19, 4, 6
2023/2/5, 161, , , , , 
2023/2/7, 171, 105, 29, 13, 3, 5
2023/2/8, 168, 99, 39, 16, 4, 5
2023/2/9, 161, 87, 30, 15, 3, 5
2023/2/10, 155, 72, 25, 13, 4, 4
2023/2/11, 122, 78, 27, 14, 3, 5
2023/2/12, 134, 78, 26, 12, 3, 5
2023/2/13, 115, 87, 27, 15, 3, 5
2023/2/14, 136, 92, 29, 16, 3, 5
2023/2/15, 148, 94, 23, 18, 3, 6
2023/2/16, 156, 95, 24, 17, 4, 5
2023/2/17, 142, 79, 25, 14, 4, 5
2023/2/18, 130, 87, 33, 15, 3, 5
2023/2/19, 143, 95, 30, 18, 4, 5
2023/2/20, 160, 94, 23, 16, 4, 6
2023/2/21, 149, 68, 23, 12, 4, 5
2023/2/22, 116, 93, 25, 15, 4, 5
2023/2/23, 153, 95, 26, 17, 4, 6
2023/2/24, 157, 84, 25, 16, 4, 5
2023/2/25, 148, 97, 27, 16, 4, 5
2023/2/26, 158, 84, 23, 16, 4, 5
2023/2/27, 148, 92, 26, 16, 4, 5
2023/2/28, 149, 89, 21, 15, 4, 5
2023/3/1, 148, 104, 25, 17, 4, 6
2023/3/2, 167, 117, 24, 19, 4, 6
2023/3/3, 177, 132, 23, 20, 4, 7
2023/3/4, 194, 129, 24, 16, 4, 7
2023/3/5, 194, 113, 20, 16, 4, 6
2023/3/6, 172, 70, 19, 13, 4, 5
2023/3/7, 135, 75, 24, 15, 4, 5
2023/3/8, 150, 74, 18, 14, 4, 5
2023/3/9, 149, 71, 19, 13, 4, 5
2023/3/10, 136, 84, 21, 14, 5, 6
2023/3/11, 155, 97, 22, 16, 5, 6
2023/3/12, 166, 108, 21, 16, 5, 7
2023/3/13, 178, 102, 21, 17, 5, 6
2023/3/14, 171, 92, 21, 16, 5, 6
2023/3/15, 162, 80, 20, 13, 5, 5
2023/3/16, 150, 57, 19, 13, 4, 5
2023/3/17, 149, , 24, 9, 4, 5
2023/3/18, 139, , 12, 6, 4, 5
2023/3/19, 97, , 16, 9, 4, 5
2023/3/20, 75, , 15, 6, 4, 5
2023/3/21, 81, , 16, 7, 4, 5
2023/3/22, 82, 38, 16, 6, 4, 5
2023/3/23, 69, 41, 15, 6, 4, 5
2023/3/24, 70, 47, 22, 6, 4, 5
2023/3/25, 64, 53, 22, 8, 4, 5
2023/3/26, 80, 64, 22, 9, 4, 5
2023/3/27, 99, 77, 22, 9, 4, 5
2023/3/28, 107, 67, 22, 7, 4, 5
2023/3/29, 92, 60, 19, 8, 4, 5
2023/3/30, 89, 48, 15, 7, 4, 5
2023/3/31, 70, , , , , 
2022/10/1, 77, 30, 1, 5, 10, 11
2022/10/2, 41, 32, 2, 5, 10, 10
2022/10/3, 55, 40, 4, 7, 10, 10
2022/10/4, 69, 39, 4, 8, 10, 10
2022/10/5, 77, 34, 2, 7, 10, 10
2022/10/6, 64, 22, 4, 7, 2, 3
2022/10/7, 41, 25, 3, 10, 7, 8
2022/10/8, 49, 34, 2, 7, 10, 11
2022/10/9, 50, 40, 4, 7, 10, 12
2022/10/10, 70, 41, 3, 7, 10, 11
2022/10/11, 72, 40, , 6, 10, 13
2022/10/12, 78, 54, 2, 11, 10, 15
2022/10/13, 110, 45, 6, 9, 10, 13
2022/10/14, 92, 44, 5, 9, 10, 13
2022/10/15, 89, 55, 6, 10, 10, 12
2022/10/16, 99, , , , , 
2022/10/24, 142, 75, 8, 11, 10, 13
2022/10/25, 154, 78, 7, 10, 10, 13
2022/10/26, 149, 87, 7, 12, 10, 14
2022/10/27, 158, 69, 7, 15, 5, 6
2022/10/28, 130, 76, 8, 12, 5, 6
2022/10/29, 141, 66, 6, 10, 5, 7
2022/10/30, 140, , , , , 
2022/11/1, 156, 79, 12, 12, 5, 7
2022/11/2, 160, 76, 10, 13, 4, 7
2022/11/3, 147, 72, 8, 12, 4, 6
2022/11/4, 136, 68, 7, 12, 5, 6
2022/11/5, 136, 79, 10, 12, 5, 7
2022/11/6, 149, 49, 5, 7, 1, 2
2022/11/7, 74, 71, 12, 13, 3, 6
2022/11/8, 130, 91, 15, 14, 5, 8
2022/11/9, 165, 84, 11, 13, 4, 7
2022/11/10, 158, 78, 10, 12, 5, 7
2022/11/11, 157, 83, 11, 12, 4, 7
2022/11/12, 161, 81, 12, 11, 5, 7
2022/11/13, 162, 95, 22, 13, 5, 7
2022/11/14, 172, 97, 20, 14, 5, 8
2022/11/15, 176, 89, 16, 13, 5, 8
2022/11/16, 167, 79, 11, 13, 5, 7
2022/11/17, 154, 63, 9, 11, 5, 6
2022/11/18, 120, 71, 10, 12, 5, 7
2022/11/19, 144, 68, 13, 12, 4, 7
2022/11/20, 138, 77, 14, 14, 5, 7
2022/11/21, 153, 86, 15, 16, 4, 8
2022/11/22, 164, 87, 14, 14, 5, 8
2022/11/23, 164, 101, 14, 16, 5, 8
2022/11/24, 173, 108, 13, 17, 5, 9
2022/11/25, 177, 111, 4, 13, 4, 9
2022/11/26, 182, 100, , , 4, 9
2022/11/27, 178, 69, , , 4, 8
2022/11/28, 142, 78, 9, , 4, 8
2022/11/29, 148, 99, 31, 14, 7, 9
2022/11/30, 171, 115, 29, 17, 12, 11
2022/12/1, 185, 104, 30, 15, 8, 9
2022/12/2, 178, 98, 26, 15, 2, 9
2022/12/3, 177, 110, 25, 15, 2, 10
2022/12/4, 184, 118, 26, 15, 1, 11
2022/12/5, 193, 118, 29, 15, 2, 10
2022/12/6, 193, 57, 10, 10, , 4
2022/12/7, 97, 96, 22, 14, 2, 9
2022/12/8, 172, 78, 24, 12, 2, 7
2022/12/9, 149, 82, 25, 15, 2, 6
2022/12/10, 155, 79, 16, 13, 2, 6
2022/12/11, 162, 85, 22, 16, 2, 6
2022/12/12, 150, 79, 17, 12, 2, 6
2022/12/13, 144, 64, 22, 12, 2, 6
2022/12/14, 122, 67, 25, 13, 2, 6
2022/12/15, 129, 69, 30, 13, 2, 6
2022/12/16, 138, 68, 12, 21, 2, 7
2022/12/17, 141, , , , , 
2022/12/20, 147, 86, 28, 13, 2, 7
2022/12/21, 163, 103, 33, 16, 2, 7
2022/12/22, 172, 97, 31, 15, 3, 7
2022/12/23, 167, 68, 24, 12, 2, 6
2022/12/24, 124, 93, 31, 17, 2, 7
2022/12/25, 169, 96, 33, 18, 2, 7
2022/12/26, 172, 93, 33, 16, 2, 7
2022/12/27, 170, 84, 24, 15, 2, 7
2022/12/28, 159, 87, 23, 16, 2, 7
2022/12/29, 156, 98, 31, 16, 3, 7
2022/12/30, 171, 82, 26, 15, 3, 6
2022/12/31, 147, 84, 29, 13, 3, 6
2023/1/1, 162, 90, 27, 15, 3, 7
2022/7/1, 44, 45, 4, 9, 25, 7
2022/7/2, 63, 42, 5, 9, 26, 6
2022/7/3, 55, 21, 4, 9, 27, 7
2022/7/4, 47, 16, 2, 9, 27, 8
2022/7/5, 44, 23, 5, 10, 26, 7
2022/7/6, 52, 30, 6, 8, 26, 6
2022/7/7, 54, 41, 4, 8, 26, 7
2022/7/8, 58, 40, 5, 8, 26, 6
2022/7/9, 53, 38, 6, 8, 26, 6
2022/7/10, 52, 35, 6, 9, 26, 6
2022/7/11, 52, 26, 7, 8, 26, 7
2022/7/12, 50, 27, 7, 8, 25, 6
2022/7/13, 46, 27, 7, 9, 13, 6
2022/7/14, 49, 40, 8, 9, 2, 6
2022/7/15, 62, 32, 6, 9, 2, 7
2022/7/16, 55, 29, 5, 8, 2, 6
2022/7/17, 52, 32, 6, 8, 2, 7
2022/7/18, 45, 31, 5, 8, 2, 7
2022/7/19, 47, 25, 4, 8, 2, 7
2022/7/20, 39, 31, 4, 7, 2, 7
2022/7/21, 39, 39, 3, 28, , 6
2022/7/22, 52, 29, , 8, , 6
2022/7/23, 49, , , , , 
2022/7/26, 56, 25, 2, , , 9
2022/7/27, 59, 39, 8, 6, 7, 9
2022/7/28, 66, 35, 6, 4, 14, 7
2022/7/29, 50, 31, 6, 3, 14, 7
2022/7/30, 45, 36, 6, 4, 14, 7
2022/7/31, 45, 34, 4, 3, 14, 7
2022/8/1, 48, 35, 5, 4, 14, 7
2022/8/2, 51, 31, 1, 4, 15, 8
2022/8/3, 61, 24, 3, 5, 14, 8
2022/8/4, 51, 28, 5, 7, 14, 9
2022/8/5, 53, 21, 5, 7, 14, 9
2022/8/6, 50, 31, 5, 7, 4, 3
2022/8/7, 45, 26, 4, 9, 11, 8
2022/8/8, 49, 24, 10, 9, 14, 7
2022/8/9, 45, 28, 9, 10, 14, 7
2022/8/10, 52, 38, 10, 9, 14, 7
2022/8/11, 57, 33, 5, 9, 14, 7
2022/8/12, 54, 35, 5, 8, 14, 7
2022/8/13, 55, 33, 6, 9, 14, 7
2022/8/14, 50, 31, 5, 7, 13, 7
2022/8/18, 48, 28, 5, 7, 14, 8
2022/8/19, 45, 24, 4, 8, 14, 9
2022/8/20, 47, 29, 5, 6, 14, 8
2022/8/21, 45, 29, 5, 7, 14, 8
2022/8/22, 48, 29, 5, 7, 14, 8
2022/8/23, 47, 30, 5, 7, 14, 8
2022/8/24, 49, 30, 5, 7, 14, 9
2022/8/25, 55, 35, 4, 8, 13, 10
2022/8/26, 63, 50, 2, 4, 12, 11
2022/8/27, 72, 41, 1, 3, 12, 9
2022/8/28, 65, 47, 1, 3, 13, 11
2022/8/29, 77, 51, 2, 4, 13, 10
2022/8/30, 76, 56, 4, 7, 13, 10
2022/8/31, 85, 29, 6, 8, 13, 10
2022/9/1, 66, 43, 5, 9, 13, 11
2022/9/2, 86, 47, 2, 9, 14, 12
2022/9/3, 94, 30, 1, 7, 14, 10
2022/9/4, 66, 27, , 4, 14, 9
2022/9/5, 53, 26, , 4, 14, 9
2022/9/6, 50, 38, 5, 6, 3, 3
2022/9/7, 54, 35, 3, 11, 11, 9
2022/9/8, 70, 31, 6, 11, 15, 12
2022/9/9, 76, 33, 2, 10, 15, 12
2022/9/10, 78, 35, 3, 11, 16, 13
2022/9/11, 84, 25, 2, 9, 16, 11
2022/9/12, 58, 17, 2, 10, 16, 11
2022/9/13, 41, 19, 2, 10, 16, 10
2022/9/14, 39, 25, 2, 9, 16, 10
2022/9/15, 45, 14, 3, 8, 16, 10
2022/9/16, 38, , , 7, , 
2022/9/17, 57, , , 7, , 
2022/9/18, 43, , , 5, , 
2022/9/19, 59, , , 6, , 
2022/9/20, 72, , , 5, , 
2022/9/21, 66, , , 6, , 
2022/9/22, 69, 40, 1, 7, 24, 11
2022/9/23, 89, , 1, 7, 26, 11
2022/9/24, 57, , 1, 6, 26, 11
2022/9/25, 52, , 1, 5, 18, 12
2022/9/26, 70, , 1, 5, 10, 12
2022/9/27, 62, , 2, 6, 10, 13
2022/9/28, 76, 47, 3, 7, 10, 10
2022/9/29, 76, 54, 4, 8, 10, 10
2022/9/30, 91, 48, 3, 8, 10, 12
2022/4/1, 159, 137, 33, 12, 1, 1
2022/4/2, 158, 102, 14, 10, 1, 1
2022/4/3, 138, , , , , 
2022/4/6, 124, 73, 45, 13, 4, 4
2022/4/7, 111, 72, 44, 14, 3, 4
2022/4/8, 108, 67, 21, 12, 3, 3
2022/4/9, 91, 58, , 10, 3, 
2022/4/10, 89, 66, 29, 12, 3, 2
2022/4/11, 92, 72, 36, 12, 3, 2
2022/4/12, 100, 85, 32, 12, 3, 2
2022/4/13, 112, , , , , 
2022/4/16, 192, 95, 11, 8, 26, 5
2022/4/17, 101, 80, 12, 8, 13, 4
2022/4/18, 86, 83, 9, 7, 9, 4
2022/4/19, 83, 96, 17, 9, 8, 4
2022/4/20, 105, 82, 27, 11, 7, 6
2022/4/21, 121, 122, 31, 12, 7, 7
2022/4/22, 145, 190, , 11, 7, 
2022/4/23, 165, 202, , 9, 6, 
2022/4/24, 127, 119, 19, 9, 6, 6
2022/4/25, 109, 102, 17, 11, 6, 4
2022/4/26, 112, 201, 19, 10, 7, 4
2022/4/27, 108, 160, 22, 12, 7, 5
2022/4/28, 105, 427, 12, 10, 7, 4
2022/4/29, 124, 279, 12, 9, 7, 5
2022/4/30, 107, 194, 8, 8, 7, 5
2022/5/1, 117, 339, 4, 8, 8, 5
2022/5/2, 116, 880, 6, 7, 8, 5
2022/5/3, 132, , 12, 7, 8, 5
2022/5/4, 110, 72, 9, 7, 8, 4
2022/5/5, 100, 89, 8, 7, 8, 5
2022/5/6, 124, 76, 6, 7, 9, 5
2022/5/7, 119, , , , , 
2022/5/9, 92, 68, 5, 7, 9, 3
2022/5/10, 79, 65, 5, 8, 9, 4
2022/5/11, 87, 63, 4, 9, 9, 4
2022/5/12, 82, , , , , 
2022/5/19, 157, 101, 8, 9, 11, 4
2022/5/20, 134, 81, 7, 8, 11, 4
2022/5/21, 102, 56, 5, 8, 11, 4
2022/5/22, 72, 45, 5, 8, 12, 4
2022/5/31, 58, 55, 8, 7, 15, 5
2022/6/1, 65, 59, 6, 7, 16, 5
2022/6/2, 72, 62, 7, 7, 16, 5
2022/6/3, 75, 51, 6, 7, 16, 5
2022/6/4, 61, 44, 8, 7, 17, 5
2022/6/5, 53, 46, 7, 8, 17, 5
2022/6/6, 59, 39, 7, 7, 18, 5
2022/6/7, 51, 24, 6, 8, 18, 5
2022/6/8, 33, 25, 8, 8, 18, 6
2022/6/9, 34, 36, 11, 11, 19, 8
2022/6/10, 61, 19, 7, 9, 19, 6
2022/6/11, 31, 25, 5, 11, 20, 7
2022/6/12, 41, 35, 8, 11, 20, 7
2022/6/13, 52, 42, 7, 9, 20, 7
2022/6/14, 63, 37, 7, 9, 21, 6
2022/6/15, 54, 34, 4, 8, 21, 6
2022/6/16, 60, 38, 4, 8, 22, 7
2022/6/17, 61, 39, 4, 10, 22, 7
2022/6/18, 61, 26, 2, 7, 23, 7
2022/6/19, 58, 22, 2, 9, 23, 7
2022/6/20, 43, 23, 4, 9, 23, 8
2022/6/21, 49, 32, 6, 9, 23, 8
2022/6/22, 53, 35, 9, 10, 24, 9
2022/6/23, 55, 28, 5, 10, 24, 9
2022/6/24, 49, 25, 12, 10, 25, 8
2022/6/25, 31, 19, 10, 11, 25, 7
2022/6/26, 29, 31, 8, 10, 25, 7
2022/6/27, 45, 28, 2, 9, 25, 9
2022/6/28, 62, , 2, 7, 26, 10
2022/6/29, 64, 19, 4, 10, 26, 8
2022/6/30, 52, 15, 2, 10, 25, 9
2022/1/3, 162, 91, 63, 10, 1, 7
2022/1/4, 167, 107, 67, 13, 1, 9
2022/1/5, 179, 79, 36, 6, 1, 6
2022/1/6, 162, 100, 52, 10, 1, 8
2022/1/7, 177, 79, 28, 10, 1, 6
2022/1/8, 155, 45, 41, 4, 1, 3
2022/1/9, 84, 51, 35, 6, 1, 5
2022/1/10, 102, 89, 70, 14, 1, 6
2022/1/11, 166, 116, 57, 8, , 6
2022/1/12, 183, 93, 66, 10, , 8
2022/1/13, 172, 95, 53, 9, , 8
2022/1/14, 174, 84, 42, 7, 1, 7
2022/1/15, 166, 76, 41, 7, 2, 6
2022/1/16, 156, 83, 38, 7, 2, 7
2022/1/17, 819, 84, 37, 9, 2, 8
2022/1/19, 140, 66, 53, 10, 3, 7
2022/1/20, 133, 60, 28, 9, 2, 7
2022/1/21, 115, 60, 21, 7, 2, 7
2022/1/22, 102, 436, 38, 2, 1, 4
2022/1/23, 231, 245, 46, 3, 3, 6
2022/1/24, 197, 163, 49, 10, 3, 7
2022/1/25, 172, 139, 55, 8, 3, 8
2022/1/26, 168, 113, 54, 9, 3, 8
2022/1/27, 161, 90, 51, 8, 3, 7
2022/1/28, 143, 83, 68, 11, 3, 7
2022/1/29, 144, 86, 61, 9, 4, 8
2022/1/30, 148, 84, 62, 12, 5, 9
2022/1/31, 152, 80, 46, 10, 4, 8
2022/2/1, 144, 96, 60, 11, 4, 9
2022/2/2, 165, 87, 35, 9, 3, 8
2022/2/3, 148, 136, 70, 5, 3, 6
2022/2/4, 149, 156, 54, 9, 3, 7
2022/2/5, 168, 136, 73, 10, 4, 9
2022/2/6, 171, 100, 34, 5, 3, 6
2022/2/7, 151, 68, 25, 5, 3, 6
2022/2/8, 105, 73, 28, 6, 3, 7
2022/2/9, 129, 92, 39, 8, 4, 8
2022/2/10, 158, 87, 37, 9, 4, 7
2022/2/11, 143, 81, 43, 11, 4, 9
2022/2/12, 146, 89, 46, 10, 5, 9
2022/2/13, 159, 70, 29, 7, 5, 7
2022/2/14, 128, 57, 24, 7, 5, 6
2022/2/15, 92, 55, 20, 8, 5, 7
2022/2/16, 89, 58, 28, 10, 6, 7
2022/2/17, 107, 72, 28, 14, 7, 9
2022/2/18, 131, 75, 32, 12, 7, 9
2022/2/19, 138, 73, 37, 7, 7, 8
2022/2/20, 144, 90, 28, 13, 8, 11
2022/2/21, 148, 79, 41, 11, 9, 8
2022/2/22, 137, 87, 42, 16, 9, 
2022/2/23, 144, 99, 72, 16, 10, 
2022/2/24, 158, 127, 77, 16, 10, 
2022/2/25, 164, 109, 44, 14, 9, 
2022/2/26, 149, 58, 20, 11, 8, 
2022/2/27, 107, 102, 72, 14, 82, 
2022/2/28, 159, 106, 40, 12, , 
2022/3/1, 164, 107, 55, 14, , 20
2022/3/2, 163, 105, 53, 12, 4, 18
2022/3/3, 158, 80, 39, 10, 4, 16
2022/3/4, 119, 90, 58, 16, 3, 18
2022/3/5, 148, 98, 55, 16, 3, 20
2022/3/6, 159, 109, 73, 20, 3, 22
2022/3/7, 166, 115, 80, 15, 3, 22
2022/3/8, 172, 98, 61, 14, 3, 21
2022/3/9, 167, 95, 61, 15, 3, 16
2022/3/10, 164, 105, 69, 16, 3, 7
2022/3/11, 175, , , , , 
2022/3/14, 126, 114, 58, 17, 2, 8
2022/3/15, 152, 99, 61, 15, 2, 6
2022/3/16, 149, 210, 81, 25, 3, 10
2022/3/17, 327, 106, 64, 14, 2, 7
2022/3/18, 164, 78, 41, 12, 2, 3
2022/3/19, 120, 86, 24, 13, 2, 3
2022/3/20, 122, 108, 40, 11, 2, 3
2022/3/21, 135, 105, 54, 19, 2, 4
2022/3/22, 147, 103, 52, 15, 2, 3
2022/3/23, 126, 121, 70, 25, 1, 6
2022/3/24, 161, 75, 36, 15, 1, 2
2022/3/25, 110, 76, 38, 17, 1, 2
2022/3/26, 107, 75, 31, 13, 1, 1
2022/3/27, 103, 85, 33, 15, 1, 2
2022/3/28, 124, 90, 36, 15, 1, 2
2022/3/29, 125, 94, 33, 16, 1, 3
2022/3/30, 116, 88, 35, 16, 1, 2
2022/3/31, 111, 154, 30, 14, 1, 2
2021/10/1, 75, 47, 8, 2, 2, 8
2021/10/2, 82, 50, 24, 3, 2, 9
2021/10/3, 98, 50, 14, 4, 2, 9
2021/10/4, 103, 47, 14, 5, 2, 8
2021/10/5, 90, 48, 22, 7, 2, 9
2021/10/6, 91, 73, 10, 5, 47, 10
2021/10/7, 121, 109, 54, 3, 63, 10
2021/10/8, 137, 38, 3, 3, 48, 10
2021/10/9, 67, 43, 4, 2, 35, 10
2021/10/10, 78, 47, 4, 2, 27, 11
2021/10/11, 101, 59, 4, 3, 22, 12
2021/10/12, 129, 64, 7, 4, 18, 11
2021/10/13, 133, 75, 18, 4, 10, 11
2021/10/14, 149, 82, 27, 5, 1, 10
2021/10/15, 144, 73, 46, 5, 1, 9
2021/10/16, 122, 88, 53, 7, 1, 11
2021/10/17, 150, 69, 33, 6, 1, 9
2021/10/18, 110, 60, 25, 3, 1, 9
2021/10/19, 82, 59, 25, 4, , 8
2021/10/20, 98, 73, 38, 7, 1, 9
2021/10/21, 135, 72, 28, 7, 1, 10
2021/10/22, 135, 59, 34, 4, 1, 9
2021/10/23, 121, , , , , 
2021/10/25, 67, 65, 34, 6, 1, 9
2021/10/26, 123, 68, 35, 9, 1, 10
2021/10/27, 128, , , , , 
2021/10/29, 149, 133, 15, 6, 69, 12
2021/10/30, 168, 85, 18, 7, 56, 13
2021/10/31, 155, 164, 23, 8, 51, 15
2021/11/1, 197, 151, 42, 7, 20, 13
2021/11/2, 216, 140, 37, 8, 2, 12
2021/11/3, 212, 90, 40, 7, 5, 12
2021/11/4, 170, 99, 42, 8, 8, 13
2021/11/5, 183, 65, 13, 6, 8, 13
2021/11/6, 144, 67, 27, 7, 6, 13
2021/11/7, 146, 148, 44, 8, 1, 13
2021/11/8, 220, 115, 33, 11, 2, 13
2021/11/9, 190, 109, 34, 8, 2, 13
2021/11/10, 188, 115, 32, 8, 2, 13
2021/11/11, 191, 139, 37, 10, 2, 13
2021/11/12, 192, 91, 39, 7, 3, 13
2021/11/13, 168, 90, 36, 8, 4, 14
2021/11/14, 170, 96, 26, 8, 4, 14
2021/11/15, 171, 90, 21, 6, 5, 13
2021/11/16, 171, 71, 12, 6, 5, 9
2021/11/17, 147, 51, 4, 2, 4, 5
2021/11/18, 110, 57, 5, 3, 3, 4
2021/11/19, 122, 58, 4, 2, 3, 4
2021/11/20, 122, 37, 3, 3, 4, 3
2021/11/21, 71, 43, 2, 1, 4, 4
2021/11/22, 81, 47, 16, 3, 4, 3
2021/11/23, 89, 109, 4, 3, 5, 4
2021/11/24, 184, 75, 16, 6, 3, 3
2021/11/25, 155, 72, 21, 7, 2, 3
2021/11/26, 153, 74, 20, 8, 1, 3
2021/11/27, 153, 80, 21, 9, 1, 3
2021/11/28, 155, 76, 21, 10, 1, 2
2021/11/29, 151, 88, 18, 11, 1, 4
2021/11/30, 162, 71, 18, 8, 1, 4
2021/12/1, 152, 52, 20, 9, 1, 3
2021/12/2, 128, 60, 17, 6, 1, 4
2021/12/3, 139, 215, 14, 7, 1, 5
2021/12/4, 134, , 11, 7, , 4
2021/12/5, 129, , 21, 6, , 4
2021/12/6, 153, 112, 27, 8, 1, 5
2021/12/7, 177, 102, 29, 10, 1, 5
2021/12/8, 176, 94, 31, 8, , 5
2021/12/9, 173, 91, 26, 8, , 4
2021/12/10, 168, 90, , 9, , 
2021/12/11, 166, 86, 24, 8, , 5
2021/12/12, 166, 79, 22, 9, , 4
2021/12/13, 149, 68, 39, 8, , 1
2021/12/14, 144, 95, 50, 10, 1, 4
2021/12/15, 173, 106, 48, 10, , 10
2021/12/16, 183, 105, 47, 9, , 8
2021/12/17, 181, 107, 44, 9, , 7
2021/12/18, 182, 96, 53, 9, 1, 7
2021/12/19, 176, 103, 48, 9, 1, 6
2021/12/20, 179, 110, 73, 73, 1, 8
2021/12/21, 184, 103, 35, 110, , 8
2021/12/22, 181, 99, 87, 9, 1, 7
2021/12/23, 176, 73, 46, 7, 1, 5
2021/12/24, 136, 72, 52, 8, 1, 5
2021/12/25, 143, 97, 59, 7, 1, 7
2021/12/26, 173, 104, 44, 10, 1, 7
2021/12/27, 171, 101, 52, 11, 1, 8
2021/12/28, 171, 77, 37, 8, 1, 5
2021/12/29, 141, 95, 35, 8, 1, 6
2021/12/30, 167, 92, 39, 10, 1, 6
2021/12/31, 166, 79, 41, 6, 1, 5
2022/1/1, 159, 82, 42, 8, 1, 7
2022/1/2, 162, 85, 49, 9, 1, 6
2021/7/1, 63, 45, 8, 1, 1, 5
2021/7/2, 58, 46, 6, 1, 1, 5
2021/7/3, 58, 45, 7, 1, 1, 5
2021/7/4, 63, 50, 7, 1, 1, 5
2021/7/5, 71, 54, 5, 1, 1, 5
2021/7/6, 75, 52, 5, 1, 1, 5
2021/7/7, 78, 35, 3, 3, 2, 6
2021/7/8, 65, 38, 5, 4, 16, 6
2021/7/9, 70, 30, 6, 4, , 6
2021/7/10, 66, 21, 8, 3, , 5
2021/7/11, 49, 26, 10, 3, , 6
2021/7/12, 53, 29, 22, 4, , 6
2021/7/13, 62, 21, 24, 5, , 5
2021/7/14, 53, 20, 29, 4, , 6
2021/7/15, 51, 20, 14, 5, , 5
2021/7/16, 47, 16, 13, 4, , 5
2021/7/17, 40, 28, 10, 1, , 4
2021/7/18, 50, 30, 8, 2, , 5
2021/7/19, 60, 41, 15, 2, , 5
2021/7/20, 58, 38, 9, 2, , 5
2021/7/21, 58, 50, 9, 2, , 5
2021/7/22, 98, 48, 15, 3, 1, 5
2021/7/23, 64, 42, 8, 2, , 5
2021/7/24, 60, 47, 9, 2, , 5
2021/7/25, 63, 50, 8, 2, , 5
2021/7/26, 66, 44, 10, 3, , 5
2021/7/27, 58, 44, 10, 3, , 5
2021/7/28, 59, 47, 9, 3, , 5
2021/7/29, 62, 47, 9, 3, , 5
2021/7/30, 62, 42, 8, 2, , 4
2021/7/31, 54, , , , , 
2021/8/1, 48, 184, 8, 3, , 5
2021/8/2, 56, 32, 7, 2, , 5
2021/8/3, 47, 44, 7, 2, , 5
2021/8/4, 57, 51, 8, 2, , 5
2021/8/5, 62, 41, , 3, , 
2021/8/6, 63, 47, 8, 2, , 5
2021/8/7, 64, 44, 5, 3, , 6
2021/8/8, 69, 50, 7, 4, 1, 6
2021/8/9, 72, 42, 10, 4, , 6
2021/8/10, 72, 37, 9, 3, , 6
2021/8/11, 65, 41, 7, 4, , 6
2021/8/12, 68, 35, 10, 3, 1, 6
2021/8/13, 59, 32, 8, 4, 1, 6
2021/8/14, 59, 24, 3, 7, 1, 8
2021/8/15, 62, 34, 4, 6, 1, 8
2021/8/16, 81, 36, 5, 5, 1, 8
2021/8/17, 69, 28, 4, 5, 1, 7
2021/8/18, 62, 26, 4, 5, 1, 7
2021/8/19, 64, 26, 6, 6, 1, 7
2021/8/20, 62, 21, 7, 4, 1, 6
2021/8/21, 54, 40, 4, 5, 1, 8
2021/8/22, 70, 40, 6, 3, 1, 7
2021/8/23, 65, 38, 7, 3, 1, 6
2021/8/24, 429, 34, 6, 3, 1, 7
2021/8/26, 64, 47, 8, 3, 1, 7
2021/8/27, 74, 56, 10, 2, 1, 7
2021/8/28, 77, 46, 7, 2, 1, 6
2021/8/29, 68, 46, 5, 3, 1, 7
2021/8/30, 76, 30, 7, 5, 1, 7
2021/8/31, 71, 27, 6, 5, 1, 7
2021/9/1, 63, 32, 8, 7, 1, 8
2021/9/2, 65, 26, 7, 8, 1, 8
2021/9/3, 62, 27, 8, 6, 1, 8
2021/9/4, 64, 31, 5, 4, 1, 7
2021/9/5, 65, 33, 7, 3, 2, 8
2021/9/6, 68, 28, 11, 4, 1, 7
2021/9/7, 67, 20, 8, 6, 1, 7
2021/9/8, 49, 26, 6, 3, 1, 6
2021/9/9, 47, 30, 6, 2, 1, 6
2021/9/10, 49, 25, 5, 3, 1, 6
2021/9/11, 45, 20, 10, 4, 1, 7
2021/9/12, 53, 36, 9, 3, 2, 6
2021/9/13, 56, 60, 9, 2, 1, 6
2021/9/14, 73, 59, 6, 4, 1, 6
2021/9/15, 77, 60, 6, 4, 1, 6
2021/9/16, 76, 48, 7, 3, 1, 7
2021/9/17, 69, 41, 7, 3, 2, 7
2021/9/18, 64, 29, 6, 3, 1, 7
2021/9/19, 61, 21, 5, 2, 2, 7
2021/9/20, 48, 15, 5, 2, 2, 6
2021/9/21, 40, 26, 3, 2, 2, 8
2021/9/22, 54, 40, 4, 1, 2, 10
2021/9/23, 77, 49, 5, 2, 2, 11
2021/9/24, 91, 48, 5, 1, 2, 10
2021/9/25, 85, 39, 3, , 2, 8
2021/9/26, 68, 35, 3, 1, 2, 9
2021/9/27, 243, 34, 4, 3, 2, 9
2021/9/30, 78, 47, 5, 3, 2, 9
2021/4/1, 118, 115, 27, 4, , 1
2021/4/2, 119, 91, 26, 5, , 1
2021/4/3, 97, 81, 29, 4, , 1
2021/4/4, 85, 66, 59, 3, , 2
2021/4/5, 72, 78, 53, 5, 1, 2
2021/4/6, 95, 72, 41, 5, , 1
2021/4/7, 90, 72, 26, 5, , 1
2021/4/8, 87, 84, 35, 5, , 1
2021/4/9, 96, 97, 41, 5, , 2
2021/4/10, 111, 74, 45, 4, , 2
2021/4/11, 97, 76, 42, 7, , 2
2021/4/12, 104, 75, 46, 7, 1, 3
2021/4/13, 104, 67, 59, 6, , 2
2021/4/14, 93, 62, 57, 5, , 2
2021/4/15, 97, 56, 28, 3, , 1
2021/4/16, 81, 53, 27, 3, , 1
2021/4/17, 74, 69, 41, 3, , 2
2021/4/18, 105, 68, 26, 4, , 1
2021/4/19, 94, 55, 23, 3, , 1
2021/4/20, 76, 52, 22, 2, , 1
2021/4/21, 67, 65, 31, 3, , 1
2021/4/22, 82, 59, 31, 3, , 1
2021/4/23, 72, 61, 30, 3, , 1
2021/4/24, 75, 67, 35, 3, 1, 2
2021/4/25, 88, 108, 36, 5, , 3
2021/4/26, 135, 120, 32, 5, , 2
2021/4/27, 119, 85, 29, 4, 1, 2
2021/4/28, 96, 59, 23, 3, , 2
2021/4/29, 73, 63, 21, 5, 1, 2
2021/4/30, 91, 55, 26, 3, 1, 2
2021/5/1, 75, 60, 26, 4, 1, 2
2021/5/2, 90, 70, 59, 6, 2, 4
2021/5/3, 122, 58, 31, 4, 1, 2
2021/5/4, 85, 52, 20, 2, 1, 2
2021/5/5, 78, 50, 14, 2, 1, 2
2021/5/6, 73, 55, 22, 3, 1, 2
2021/5/7, 80, 51, 17, 2, 1, 2
2021/5/8, 73, 52, 17, 2, 1, 1
2021/5/9, 62, 43, 14, 1, 1, 1
2021/5/10, 52, 34, 9, 1, 1, 1
2021/5/11, 62, 39, 12, 1, 1, 1
2021/5/12, 59, 52, 15, 2, 1, 2
2021/5/13, 58, 51, 22, 1, 1, 2
2021/5/14, 62, 99, 36, 4, 2, 3
2021/5/15, 118, 41, 21, 4, 1, 2
2021/5/16, 103, 23, 12, 3, 1, 1
2021/5/17, 824, 43, 5, 3, 2, 2
2021/5/22, 100, 60, 19, 2, , 2
2021/5/23, 77, 55, 12, 1, , 2
2021/5/24, 72, 61, 15, 1, , 1
2021/5/25, 77, 56, 17, 4, , 1
2021/5/26, 68, 51, 14, 2, , 1
2021/5/27, 60, 52, 13, 1, , 1
2021/5/28, 60, 50, 12, 1, , 2
2021/5/29, 64, 58, 13, 3, , 2
2021/5/30, 74, 50, 10, 6, 1, 4
2021/5/31, 78, 45, 10, 6, 1, 3
2021/6/1, 69, 67, 12, 6, 1, 3
2021/6/2, 68, 39, 30, 5, 1, 3
2021/6/3, 65, 37, 19, 7, 1, 3
2021/6/4, 63, 665, 20, 10, 1, 4
2021/6/5, 83, 880, 16, 4, 1, 3
2021/6/6, 63, 880, 8, 4, 1, 3
2021/6/7, 62, 880, 9, 5, 1, 3
2021/6/8, 66, 880, 6, 6, 1, 3
2021/6/9, 49, 880, 7, 6, 1, 3
2021/6/10, 58, 880, 4, 7, 1, 3
2021/6/11, 54, 880, 10, 4, 1, 3
2021/6/12, 41, 880, 9, 4, 1, 3
2021/6/13, 52, 880, 9, 2, 1, 3
2021/6/14, 73, 880, 7, 5, 1, 3
2021/6/15, 66, 880, 6, 7, 2, 4
2021/6/16, 66, , 8, 5, 2, 3
2021/6/17, 78, , 11, 3, 2, 3
2021/6/18, 97, , 14, 4, 1, 3
2021/6/19, 76, 880, 10, 3, 1, 3
2021/6/20, 135, , 10, 4, 1, 3
2021/6/21, 120, 90, 9, 2, 1, 1
2021/6/22, 84, 61, 57, 2, 1, 1
2021/6/23, 80, 48, 11, 3, 2, 1
2021/6/24, 76, 35, 9, 5, 1, 4
2021/6/25, 101, 54, 11, 3, 2, 7
2021/6/26, 90, 31, 6, 3, 1, 6
2021/6/27, 62, 36, 12, 4, 2, 6
2021/6/28, 74, 34, 13, 4, 1, 6
2021/6/29, 70, 38, 8, 4, 1, 7
2021/6/30, 72, 79, 7, 2, 1, 6
2021/1/4, 190, 118, 50, 10, 4, 7
2021/1/5, 191, 129, 34, 10, 21, 8
2021/1/6, 203, 127, 68, 17, 1, 7
2021/1/7, 198, 106, 27, 16, , 8
2021/1/8, 182, 87, 40, 7, , 6
2021/1/9, 195, 95, 60, 11, , 7
2021/1/10, 170, 85, 64, 6, , 6
2021/1/11, 160, 91, 60, 7, 1, 7
2021/1/12, 163, 147, 43, 9, , 4
2021/1/13, 174, 85, 72, 13, 1, 5
2021/1/14, 159, 245, 50, 9, , 4
2021/1/15, 141, 68, 65, 8, 1, 4
2021/1/16, 145, 70, 68, 12, 1, 5
2021/1/17, 152, 50, 48, 8, , 3
2021/1/18, 107, 65, 69, 13, 2, 4
2021/1/19, 128, 75, 47, 14, 1, 5
2021/1/20, 145, 90, 83, 13, 2, 6
2021/1/21, 162, 109, 79, 13, 2, 7
2021/1/22, 184, 96, 82, 14, 2, 6
2021/1/23, 174, 82, 55, 12, 2, 4
2021/1/24, 148, 116, 74, 14, 1, 6
2021/1/25, 165, 106, 85, 12, 2, 6
2021/1/26, 173, 94, 84, 12, 1, 7
2021/1/27, 170, 102, 86, 13, 1, 7
2021/1/28, 175, 95, 81, 14, 1, 7
2021/1/29, 166, 88, 63, 15, 1, 6
2021/1/30, 155, 77, 70, 12, 2, 5
2021/1/31, 144, 92, 54, 12, 3, 6
2021/2/1, 162, 86, 49, 13, 3, 9
2021/2/2, 153, 90, 59, 17, 3, 7
2021/2/3, 161, 85, 75, 5, 3, 5
2021/2/4, 159, 77, 44, 4, 10, 4
2021/2/5, 147, 146, 34, 9, 4, 3
2021/2/6, 188, 70, 36, 7, 2, 3
2021/2/7, 130, 75, 44, 11, 4, 4
2021/2/8, 137, 88, 66, 18, 6, 6
2021/2/9, 150, 95, 85, 18, 5, 7
2021/2/10, 161, 98, 83, 12, 5, 6
2021/2/11, 165, 101, 90, 17, 8, 8
2021/2/12, 165, 82, 58, 13, 6, 5
2021/2/13, 146, 73, 60, 8, 5, 4
2021/2/14, 144, 57, 49, 6, 5, 3
2021/2/15, 110, 49, 31, 5, 3, 3
2021/2/16, 101, 60, 38, 6, 4, 4
2021/2/17, 129, 99, 48, 13, 6, 5
2021/2/18, 171, 61, 28, 8, 5, 5
2021/2/19, 125, 66, 19, 8, 5, 5
2021/2/20, 122, 65, 23, 6, 6, 4
2021/2/21, 129, 73, 37, 8, 7, 6
2021/2/22, 144, 135, 52, 9, 7, 7
2021/2/23, 201, 89, 39, 11, 6, 9
2021/2/24, 164, 66, 27, 8, 6, 6
2021/2/25, 141, 62, 20, 6, 5, 5
2021/2/26, 113, 94, 18, 6, 5, 5
2021/2/27, 114, 70, 20, 5, 5, 6
2021/2/28, 134, 76, 25, 7, 6, 7
2021/3/1, 147, 72, 19, 7, 6, 7
2021/3/2, 135, 83, 28, 9, 7, 8
2021/3/3, 156, 91, 21, 9, 7, 10
2021/3/4, 163, 98, 22, 11, 7, 11
2021/3/5, 158, 92, 16, 7, 6, 8
2021/3/6, 149, 68, 10, 6, 5, 7
2021/3/7, 118, 54, 22, 10, 5, 7
2021/3/8, 92, 72, 69, 14, 7, 6
2021/3/9, 125, 80, 74, 17, 8, 8
2021/3/10, 139, 64, 32, 9, 3, 5
2021/3/11, 104, 52, 39, 8, 2, 5
2021/3/12, 85, 88, 76, 10, 4, 7
2021/3/13, 146, 93, 88, 14, 7, 8
2021/3/14, 154, 81, 79, 13, 6, 6
2021/3/15, 139, 69, 34, 8, 14, 4
2021/3/16, 119, 89, 74, 9, 4, 5
2021/3/17, 135, 88, 69, 10, 4, 5
2021/3/18, 134, 152, 43, 4, 2, 2
2021/3/19, 176, 116, 32, 6, , 1
2021/3/20, 128, 101, 66, 8, 1, 3
2021/3/21, 138, 86, 65, 10, 1, 4
2021/3/22, 144, 76, 79, 11, 2, 4
2021/3/23, 142, 90, 107, 13, 4, 6
2021/3/24, 159, 74, 52, 9, 3, 3
2021/3/25, 118, 91, 80, 14, 3, 5
2021/3/26, 144, 164, 114, 16, 5, 6
2021/3/27, 179, 105, 59, 16, 3, 7
2021/3/28, 155, 91, 60, 9, 1, 5
2021/3/29, 141, 54, 31, 5, , 1
2021/3/30, 72, 57, 28, 5, , 1
2021/3/31, 135, 103, 25, 6, , 1
2020/10/1, 212, 51, 4, 2, , 3
2020/10/2, 102, 56, 4, 4, , 4
2020/10/3, 112, 35, 3, 5, , 4
2020/10/4, 85, 38, 2, 2, , 3
2020/10/5, 74, 54, 4, 2, , 3
2020/10/6, 95, 60, 5, 3, , 4
2020/10/7, 121, 70, 4, 4, , 5
2020/10/8, 143, 55, 1, 1, 1, 4
2020/10/9, 117, 75, 3, 8, 1, 7
2020/10/10, 161, 63, 2, 4, 1, 6
2020/10/11, 138, 77, 1, 7, 2, 8
2020/10/12, 159, , , , , 
2020/10/14, 122, 33, 13, 5, 7, 4
2020/10/15, 81, 34, 5, 6, , 5
2020/10/16, 71, 62, , 6, , 5
2020/10/17, 85, , , , , 
2020/10/20, 169, 52, 4, 5, 1, 5
2020/10/21, 115, 53, 4, 5, , 6
2020/10/22, 120, 51, 12, 5, , 5
2020/10/23, 108, 73, 4, 6, , 8
2020/10/24, 145, , , , , 
2020/10/26, 132, 63, 12, 9, , 6
2020/10/27, 126, 72, 18, 9, , 7
2020/10/28, 145, 73, 20, 9, , 7
2020/10/29, 155, 68, 19, 7, 1, 6
2020/10/30, 141, 61, 16, 8, 1, 6
2020/10/31, 125, 62, 15, 7, 1, 5
2020/11/1, 129, 82, 26, 10, 1, 8
2020/11/2, 155, 90, 27, 8, 1, 8
2020/11/3, 165, 86, 36, 10, 1, 9
2020/11/4, 164, 80, 30, 9, 1, 7
2020/11/5, 158, 75, 28, 9, 1, 7
2020/11/6, 150, 80, 28, 12, 1, 8
2020/11/7, 160, 76, 29, 7, 1, 6
2020/11/8, 154, 78, 28, 10, 1, 7
2020/11/9, 152, 83, 33, 13, 1, 8
2020/11/10, 161, 116, 39, 11, 1, 8
2020/11/11, 189, 112, 42, 9, 1, 8
2020/11/12, 183, 96, 29, 10, 1, 8
2020/11/13, 163, 90, 34, 9, 1, 7
2020/11/14, 152, 66, 32, 6, 1, 7
2020/11/15, 140, 100, 35, 6, 1, 6
2020/11/16, 176, 94, 39, 6, 1, 6
2020/11/17, 161, 111, 43, 10, 1, 8
2020/11/18, 180, 99, 41, 7, 1, 7
2020/11/19, 183, 100, 44, 11, 1, 7
2020/11/20, 173, 68, 33, 10, 1, 7
2020/11/21, 170, 79, 54, 10, 1, 8
2020/11/22, 159, 50, 22, 7, 1, 6
2020/11/23, 107, 74, 33, 11, 1, 7
2020/11/24, 155, 90, 48, 16, 1, 10
2020/11/25, 167, 89, 36, 11, 1, 6
2020/11/26, 167, 110, 80, 7, 2, 3
2020/11/27, 174, 70, 14, 10, 24, 4
2020/11/28, 135, 55, 12, 12, 3, 4
2020/11/29, 103, 93, 14, 5, 2, 5
2020/11/30, 163, 72, 7, 3, 3, 7
2020/12/1, 159, 81, 27, 8, 3, 7
2020/12/2, 159, 81, 30, 9, 3, 7
2020/12/3, 157, 78, 28, 9, 3, 6
2020/12/4, 157, 80, 32, 10, 3, 7
2020/12/5, 156, 71, 17, 10, 3, 6
2020/12/6, 139, 74, 18, 10, 3, 6
2020/12/7, 141, 69, 23, 10, 4, 5
2020/12/8, 136, 76, 5, 12, 3, 6
2020/12/9, 147, 88, 35, 17, 2, 9
2020/12/10, 162, 76, 23, 8, 2, 7
2020/12/11, 158, 70, 24, 7, 2, 7
2020/12/12, 155, 65, 23, 6, 2, 6
2020/12/13, 146, 52, 14, 8, 2, 6
2020/12/14, 120, 77, 39, 7, 2, 7
2020/12/15, 162, 90, 39, 8, 2, 7
2020/12/16, 172, 81, 63, 9, 2, 7
2020/12/17, 166, 82, 36, 11, 2, 7
2020/12/18, 156, 79, 34, 9, 3, 7
2020/12/19, 160, 79, 39, 8, 3, 6
2020/12/20, 160, 76, 37, 13, 4, 7
2020/12/21, 146, 73, 41, 13, 4, 6
2020/12/22, 138, 76, 51, 15, 3, 7
2020/12/23, 152, 89, 54, 16, 4, 8
2020/12/24, 164, 103, 61, 20, 4, 10
2020/12/25, 173, 97, 51, 14, 4, 9
2020/12/26, 170, 106, 71, 11, 3, 9
2020/12/27, 180, 84, 42, 7, 3, 5
2020/12/28, 140, 96, 61, 15, 3, 7
2020/12/29, 159, 109, 57, 16, 3, 6
2020/12/30, 169, 102, 57, 12, 4, 5
2020/12/31, 172, 107, 57, 13, 4, 7
2021/1/1, 183, 119, 55, 13, 3, 7
2021/1/2, 196, 115, 67, 12, 4, 6
2021/1/3, 187, 122, 119, 20, 4, 8
2020/7/1, 24, 16, 71, 1, 26, 3
2020/7/2, 24, 13, 1, 1, 19, 3
2020/7/3, 29, 12, 2, , 19, 3
2020/7/4, 24, 23, 1, , 18, 2
2020/7/5, 33, 72, 8, , 21, 2
2020/7/6, 106, 23, 7, 1, 20, 3
2020/7/7, 28, 26, 2, 1, 19, 3
2020/7/8, 35, 28, 2, 1, 20, 3
2020/7/9, 34, 33, 2, 1, 20, 2
2020/7/10, 27, 31, 2, 1, 20, 2
2020/7/11, 33, 17, 1, 1, 20, 3
2020/7/12, 37, 18, 1, 1, 20, 3
2020/7/13, 33, 20, , 2, 20, 4
2020/7/14, 37, 9, 1, 1, 20, 3
2020/7/15, 25, 10, 2, 1, 20, 3
2020/7/16, 17, 15, 1, 2, 21, 3
2020/7/17, 31, 29, 1, 1, 21, 3
2020/7/18, 36, 28, 2, 1, 20, 3
2020/7/19, 163, 32, 1, 1, 18, 3
2020/7/20, 821, 39, 1, 2, 18, 3
2020/7/22, 821, 19, 1, 2, 18, 3
2020/7/23, 821, 31, , 3, 18, 5
2020/7/24, 824, 39, , 2, 18, 6
2020/7/25, 821, 9, , 2, 1, 3
2020/7/26, 27, 11, 1, 1, , 3
2020/7/27, 17, 15, , 2, , 4
2020/7/28, 4, 27, , 1, , 6
2020/7/29, 37, 15, , 1, , 4
2020/7/30, 5, 18, , 1, , 4
2020/7/31, 4, 18, 1, 2, , 3
2020/8/1, 5, 17, 1, 4, 2, 3
2020/8/2, 52, 10, 1, 3, 2, 3
2020/8/3, 16, 9, 2, 1, 2, 3
2020/8/4, 3, 13, 4, 1, 2, 3
2020/8/5, 1, 12, 6, 1, 2, 3
2020/8/6, 1, , , 1, , 
2020/8/8, 4, 42, 2, 1, 1, 3
2020/8/9, 57, 37, 97, 1, 6, 2
2020/8/10, 47, 80, 5, 1, 21, 
2020/8/11, 208, 23, 5, 1, 2, 
2020/8/15, 15, 35, 2, 1, 1, 1
2020/8/16, 32, 25, 1, 1, , 1
2020/8/17, 53, 23, 1, 1, , 1
2020/8/18, 28, 21, 1, 1, , 1
2020/8/22, 8, 23, , 1, , 
2020/8/23, 4, 26, , 1, 1, 3
2020/8/24, 60, 26, 1, 2, , 1
2020/8/25, 31, 20, 1, 1, , 1
2020/8/26, 9, 23, 1, 1, , 1
2020/8/28, 1, 14, , 2, , 2
2020/8/29, 6, 17, , 2, , 2
2020/8/30, 9, 22, 1, 1, , 1
2020/8/31, 109, 16, , 1, , 1
2020/9/1, 33, , , , , 
2020/9/3, 36, 49, 6, 2, , 4
2020/9/4, 27, 42, 5, 2, , 4
2020/9/5, 41, 57, 3, 2, , 5
2020/9/6, 49, 24, 2, 2, , 3
2020/9/7, 53, 30, 1, 2, 1, 3
2020/9/8, 61, 498, 2, 2, 1, 4
2020/9/9, 37, , 2, 3, , 4
2020/9/11, 236, 17, 1, 2, 1, 2
2020/9/12, 29, 27, , 1, , 2
2020/9/13, 51, 31, , 1, 1, 3
2020/9/14, 57, 29, , 1, 1, 4
2020/9/15, 60, 27, 1, 1, 1, 4
2020/9/16, 57, 28, , 1, , 4
2020/9/17, 57, 37, , , 1, 5
2020/9/18, 74, 35, , 1, , 5
2020/9/19, 75, 31, 1, 1, 1, 4
2020/9/20, 70, 40, 1, 2, 1, 5
2020/9/21, 83, 41, 1, 3, 1, 6
2020/9/22, 95, , , , , 
2020/9/24, 58, 31, , 2, 1, 4
2020/9/25, 57, 38, 1, 1, 1, 2
2020/9/26, 58, 39, 1, 2, , 3
2020/9/27, 67, 44, 2, 3, , 4
2020/9/28, 76, 50, 3, 3, , 4
2020/9/29, 82, 48, 3, 3, , 3
2020/9/30, 80, 42, 3, 2, , 2
2020/4/1, 72, 59, 19, 1, 1, 6
2020/4/2, 89, 67, 14, , , 6
2020/4/3, 83, 65, 15, 1, 1, 6
2020/4/4, 90, 62, 19, 1, 1, 6
2020/4/5, 95, 50, 12, 1, , 5
2020/4/6, 73, 59, 10, , , 5
2020/4/7, 79, 72, 8, , 1, 5
2020/4/8, 88, 70, 8, , , 5
2020/4/9, 84, 67, 11, , , 6
2020/4/10, 83, 68, 13, 1, , 7
2020/4/11, 99, 64, 13, 1, 1, 7
2020/4/12, 88, 60, 13, 1, 1, 9
2020/4/13, 79, 58, 14, 1, 2, 15
2020/4/14, 84, 51, 14, 1, 2, 24
2020/4/15, 78, 47, 10, 1, 2, 21
2020/4/16, 69, 49, 11, 1, 2, 23
2020/4/17, 71, 48, 11, , 2, 23
2020/4/18, 64, 57, 13, 1, 2, 24
2020/4/19, 69, 59, 15, , 3, 21
2020/4/20, 80, 52, 11, , 2, 14
2020/4/21, 61, 52, 8, , 2, 7
2020/4/22, 59, 53, 14, , 1, 4
2020/4/23, 67, 42, 13, , 1, 1
2020/4/24, 56, 44, 18, , 1, 1
2020/4/25, 53, 48, 20, , 1, 1
2020/4/26, 56, 44, 16, , 1, 1
2020/4/27, 54, 49, 19, , 1, 1
2020/4/28, 61, 56, 17, , 1, 1
2020/4/29, 64, 56, 15, 1, 1, 1
2020/4/30, 63, 186, 14, , 1, 1
2020/5/1, 54, , 13, , 1, 1
2020/5/2, 45, 18, 14, , 1, 1
2020/5/3, 74, 13, 13, , 1, 1
2020/5/4, 41, 8, 13, 1, 1, 1
2020/5/5, 43, 27, 18, , 2, 1
2020/5/6, 42, 9, 17, , 19, 1
2020/5/7, 40, 14, 14, , 21, 1
2020/5/8, 50, 29, 15, , 23, 1
2020/5/9, 46, 25, 13, , 24, 1
2020/5/10, 46, 36, 16, , 25, 1
2020/5/11, 57, 41, 13, , 26, 1
2020/5/12, 47, 35, 11, , 26, 1
2020/5/13, 48, 24, 13, , 26, 1
2020/5/14, 52, 31, 20, , 22, 1
2020/5/15, 58, 68, 12, , , 1
2020/5/16, 81, 69, 14, , 1, 1
2020/5/17, 91, 37, 13, , , 1
2020/5/18, 67, 35, 12, , 3, 1
2020/5/19, 52, 25, 8, , 5, 1
2020/5/20, 43, 13, 9, , 4, 2
2020/5/21, 35, 53, 8, , 3, 1
2020/5/22, 38, 27, 9, , 3, 2
2020/5/23, 43, 22, 7, , 2, 2
2020/5/24, 41, 6, 8, , 2, 2
2020/5/25, 37, 14, 7, , 2, 2
2020/5/26, 41, 19, 6, , 1, 1
2020/5/27, 37, 16, 7, , 1, 2
2020/5/28, 34, 6, 5, , 1, 2
2020/5/29, 20, 14, 4, , 1, 1
2020/5/30, 26, 11, 7, , 1, 2
2020/5/31, 29, 30, 4, 3, 1, 2
2020/6/1, 62, 36, 10, 3, 1, 4
2020/6/2, 84, 10, 7, 1, 1, 2
2020/6/3, 31, 7, 4, 3, 1, 3
2020/6/4, 38, 10, 9, 4, 1, 3
2020/6/5, 40, 17, 2, 3, 1, 2
2020/6/6, 40, 24, 3, 3, 1, 3
2020/6/7, 50, 6, 5, 4, 1, 3
2020/6/8, 31, 12, 3, 3, 1, 3
2020/6/9, 35, 17, 2, 2, 1, 3
2020/6/10, 34, 11, 2, 2, 1, 3
2020/6/11, 25, 8, 2, 3, 1, 3
2020/6/12, 38, , 2, 2, 1, 3
2020/6/13, 35, 17, 3, 2, 1, 3
2020/6/14, 34, 11, 2, 2, 1, 3
2020/6/15, 36, 5, 6, 2, 1, 4
2020/6/16, 39, 8, 2, 3, 1, 3
2020/6/17, 20, 10, , 4, 1, 4
2020/6/18, 26, 10, 1, 2, 1, 3
2020/6/19, 49, 22, 2, 1, , 2
2020/6/20, 40, , , , , 
2020/6/24, 21, 35, 1, 1, 1, 3
2020/6/25, 41, 33, , , 1, 3
2020/6/26, 46, 49, 1, , 1, 3
2020/6/27, 61, 32, , , 1, 3
2020/6/28, 46, 15, 1, 1, 1, 2
2020/6/29, 25, 11, 1, 1, 1, 3
2020/6/30, 17, 13, , 2, 1, 3
2020/1/1, 173, 101, 37, 8, 3, 7
2020/1/2, 179, 90, 34, 7, 3, 6
2020/1/3, 170, 89, 35, 6, 2, 8
2020/1/4, 170, 94, 23, 8, 3, 9
2020/1/5, 164, 119, 37, 8, 3, 8
2020/1/6, 211, 88, 36, 11, 3, 9
2020/1/7, 162, 60, 105, 3, 4, 6
2020/1/8, 131, 74, 42, 7, 1, 6
2020/1/9, 144, 83, 33, 8, 1, 6
2020/1/10, 153, 89, 39, 9, 2, 6
2020/1/11, 156, 88, 44, 10, 2, 8
2020/1/12, 163, 74, 28, 5, 1, 6
2020/1/13, 138, 57, 32, 4, 1, 4
2020/1/14, 94, 54, 34, 7, 1, 4
2020/1/15, 81, 53, 33, 5, 1, 3
2020/1/16, 95, 52, 27, 8, 1, 5
2020/1/17, 109, 95, 28, 13, 2, 8
2020/1/18, 162, 94, 51, 12, 3, 8
2020/1/19, 160, 93, 54, 15, 5, 8
2020/1/20, 161, 87, 59, 16, 3, 9
2020/1/21, 154, 75, 49, 11, 3, 6
2020/1/22, 135, 85, 48, 10, 4, 7
2020/1/23, 153, 79, 47, 10, 3, 7
2020/1/24, 147, 90, 53, 11, 3, 7
2020/1/25, 157, 91, 69, 11, 3, 8
2020/1/26, 160, 69, 38, 9, 3, 6
2020/1/27, 123, 53, 22, 6, 2, 4
2020/1/28, 75, 60, 32, 3, 1, 2
2020/1/29, 65, 80, 57, 10, 3, 5
2020/1/30, 130, 84, 48, 12, 3, 7
2020/1/31, 148, 87, 58, 10, 3, 7
2020/2/1, 155, 101, 58, 14, 4, 8
2020/2/2, 163, 93, 50, 8, 2, 8
2020/2/3, 167, 84, 52, 7, 3, 6
2020/2/4, 156, 84, 49, 11, 4, 6
2020/2/5, 141, 73, 44, 8, 3, 5
2020/2/6, 117, 75, 39, 11, 4, 6
2020/2/7, 120, 89, 39, 12, 4, 6
2020/2/8, 155, 86, 33, 6, 6, 5
2020/2/9, 156, 78, 34, 7, 5, 5
2020/2/10, 136, 117, 116, 10, 5, 9
2020/2/11, 175, 79, 37, 8, 8, 9
2020/2/12, 140, 78, 35, 10, 4, 10
2020/2/13, 140, 74, 37, 8, 3, 7
2020/2/14, 124, 83, 38, 13, 3, 9
2020/2/15, 129, 102, 52, 14, 6, 11
2020/2/16, 155, 133, 46, 11, 5, 11
2020/2/17, 192, 107, 49, 16, 7, 11
2020/2/18, 163, 102, 45, 13, 6, 12
2020/2/19, 164, 75, 15, 6, 2, 9
2020/2/20, 134, 58, 14, 5, 2, 8
2020/2/21, 99, 76, 21, 9, 2, 9
2020/2/22, 126, 95, 24, 8, 3, 11
2020/2/23, 147, 110, 30, 10, 3, 13
2020/2/24, 170, 77, 15, 6, 3, 9
2020/2/25, 112, 74, 21, 6, 3, 9
2020/2/26, 104, 85, 33, 9, 4, 10
2020/2/27, 131, 95, 29, 12, 5, 12
2020/2/28, 148, 82, 21, 8, 4, 11
2020/2/29, 133, 71, 17, 5, 3, 10
2020/3/1, 121, 76, 12, 8, 3, 9
2020/3/2, 111, 81, 10, 3, 2, 7
2020/3/3, 114, 82, 9, 4, 2, 8
2020/3/4, 134, 78, 9, 4, 2, 7
2020/3/5, 373, 75, 7, 3, 2, 6
2020/3/6, 75, 82, 15, 2, 1, 6
2020/3/7, 82, 73, 16, 3, 1, 6
2020/3/8, 80, 215, 7, 3, 1, 7
2020/3/9, 102, 67, 2, 1, , 7
2020/3/10, 100, 51, 7, 1, , 6
2020/3/11, 57, 55, 10, 2, , 6
2020/3/12, 64, 64, 18, 3, , 6
2020/3/13, 78, 77, 20, 4, , 7
2020/3/14, 88, 92, 26, 6, 1, 9
2020/3/15, 125, 97, 34, 9, 2, 9
2020/3/16, 136, 81, 35, 8, 1, 9
2020/3/17, 121, 71, 24, 8, 1, 9
2020/3/18, 106, 57, 15, 4, 1, 7
2020/3/19, 82, 50, 10, 2, , 6
2020/3/20, 68, 48, 12, 2, 1, 6
2020/3/21, 72, 40, 11, , , 5
2020/3/22, 65, 56, 18, 1, 1, 6
2020/3/23, 88, 67, 19, 1, 1, 7
2020/3/24, 118, 61, 12, 2, , 6
2020/3/25, 100, 57, 15, 2, 1, 6
2020/3/26, 99, 58, 14, 1, , 6
2020/3/27, 87, 52, 18, 1, , 6
2020/3/28, 90, 54, 23, 1, , 6
2020/3/29, 82, 51, 19, 1, , 6
2020/3/30, 83, 47, 14, 1, , 6
2020/3/31, 80, 46, 17, , , 6
2019/12/3, 169, 66, 12, 5, 1, 6
2019/12/4, 121, 76, 7, 4, 2, 9
2019/12/5, 152, 87, 15, 5, 1, 6
2019/12/6, 164, 79, 17, 6, 1, 7
2019/12/7, 154, 87, 19, 5, 1, 7
2019/12/8, 164, 84, 27, 7, 1, 9
2019/12/9, 160, 82, 22, 6, 1, 9
2019/12/10, 158, 86, 17, 6, 1, 9
2019/12/11, 165, 79, 28, 6, 2, 8
2019/12/12, 160, 69, 22, 5, 2, 7
2019/12/13, 133, 63, 44, 8, 2, 6
2019/12/14, 127, 75, 62, 9, 3, 8
2019/12/15, 151, 85, 51, 10, 3, 9
2019/12/16, 162, 78, 39, 9, 3, 7
2019/12/17, 153, 78, 50, 11, 5, 8
2019/12/18, 151, 74, 29, 9, 2, 7
2019/12/19, 148, 89, 40, 11, 3, 9
2019/12/20, 165, 86, 25, 9, 3, 9
2019/12/21, 162, 90, 29, 8, 3, 9
2019/12/22, 166, 90, 27, 11, 3, 9
2019/12/23, 166, 106, 41, 11, 3, 10
2019/12/24, 178, 112, 24, 8, 2, 10
2019/12/25, 185, 77, 24, 6, 2, 7
2019/12/26, 149, 84, 30, 9, 2, 8
2019/12/27, 159, 82, 32, 7, 3, 7
2019/12/28, 159, 90, 36, 8, 4, 7
2019/12/29, 161, , , , , 
2026/4/27, , 356, , 1, 6, 
2026/5/6, , 34, 3, 2, , 
2026/6/1, , 28, , 2, 7, 
2025/12/31, , 33, 3, 2, 11, 
2026/1/25, , 65, , 2, 39, 
2026/2/12, , 61, , 2, 376, 
2026/3/1, , 13, 3, 2, , 
2026/3/4, , 21, 3, 2, , 
2026/3/29, , 30, 3, 2, 3, 
2025/10/8, , 589, 3, 2, 9, 2
2025/10/12, , 174, 3, 2, 11, 2
2025/10/19, , 151, 3, 2, 11, 2
2025/12/8, , 33, 3, 2, 11, 
2025/12/14, , 762, 3, 2, 11, 
2025/12/15, , 762, 3, 2, 11, 
2025/12/16, , 762, 3, 2, 11, 
2025/12/17, , 809, 3, 2, 11, 
2025/8/1, , 283, 3, 2, 10, 3
2025/9/18, , 896, 3, 2, 6, 4
2025/4/14, , 57, 3, 2, 9, 2
2025/4/24, , 60, 3, 2, 10, 2
2025/5/15, , 101, 3, 1, 24, 3
2025/6/1, , 128, 3, 2, 11, 3
2024/12/31, , 73, 3, 2, 6, 2
2024/7/10, , 27, 2, 5, 5, 3
2024/4/2, , 100, 31, 9, 13, 5
2024/4/6, , 70, 27, 8, 13, 5
2024/4/12, , 55, 26, 6, 13, 5
2024/4/26, , 74, 32, 7, 18, 5
2024/5/12, , 51, 15, 6, 17, 5
2024/1/14, , 217, 15, 8, 5, 5
2024/1/21, , 79, 20, 10, 6, 7
2024/2/23, , 69, 25, 10, 7, 4
2024/3/15, , 105, 36, 9, 12, 5
2023/11/18, , 70, 16, 9, 25, 6
2023/11/21, , 71, 18, 9, 27, 6
2023/12/6, , 64, 15, 7, 15, 8
2023/12/13, , 88, 16, 10, 16, 10
2023/7/13, , 24, 13, 6, 3, 5
2023/4/2, , 53, 19, 8, 4, 5
2023/4/30, , 45, 18, 8, 4, 5
2023/5/21, , 48, 16, 7, 3, 5
2023/2/6, , 103, 20, 12, 3, 5
2022/10/23, , 67, 2, 6, 10, 14
2022/10/31, , 77, 10, 12, 5, 6
2022/12/19, , 74, 27, 13, 2, 6
2022/7/25, , 34, 14, 3, , 8
2022/8/15, , 27, 4, 8, 13, 7
2022/8/16, , 28, 3, 8, 13, 8
2022/8/17, , 30, 5, 8, 13, 8
2022/4/5, , 84, 31, 12, 4, 3
2022/4/15, , 187, 5, 7, 44, 8
2022/5/8, , 73, 7, 8, 8, 3
2022/5/18, , 128, 9, 9, 11, 4
2022/5/23, , 49, 9, 8, 12, 4
2022/5/24, , 54, 7, 7, 13, 4
2022/5/25, , 51, 11, 6, 13, 4
2022/5/26, , 43, 6, 7, 14, 5
2022/5/27, , 37, 7, 7, 14, 5
2022/5/28, , 45, 10, 7, 15, 5
2022/5/29, , 53, 7, 7, 15, 5
2022/5/30, , 56, 7, 7, 15, 5
2022/1/18, , 91, 53, 11, 3, 8
2022/3/13, , 86, 50, 11, 2, 4
2021/10/24, , 44, 22, 3, 1, 8
2021/10/28, , 109, 13, 5, 108, 12
2021/8/25, , 32, 5, 3, 1, 7
2021/9/28, , 27, 6, 4, 2, 7
2021/9/29, , 61, 4, 3, 2, 8
2021/5/18, , 485, 16, 5, 2, 3
2021/5/21, , 84, 19, 2, 1, 2
2020/10/13, , 62, 9, 8, , 6
2020/10/19, , 54, 4, 3, , 4
2020/10/25, , 63, 8, 6, , 5
2020/7/21, , 27, 1, 2, 18, 3
2020/8/7, , 35, 2, 2, 1, 3
2020/8/12, , 26, 1, 2, 1, 1
2020/8/13, , 21, 2, 2, 1, 1
2020/8/14, , 29, 2, 1, 1, 1
2020/8/19, , 21, 1, 2, , 1
2020/8/20, , 15, 1, 1, , 1
2020/8/21, , 18, 1, 1, , 1
2020/8/27, , 17, , 2, , 2
2020/9/2, , 39, 2, 1, , 2
2020/9/10, , 64, 2, 2, , 4
2020/9/23, , 31, , 3, 1, 5
2020/6/23, , 207, , 2, 1, 3
2019/12/31, , 97, 43, 12, 4, 9
2019/12/2, , 131, 10, 7, 18, 9
2021/5/19, , , 15, 4, 2, 4
2021/5/20, , , 13, 3, 2, 2